"id","jobcardno","jobcarddate","referid","wordorderno","wordorderdate","eqpttimein","dues","ininspector","outinspector","ininspectortrade","outinspectortrade","mothersection","timeforininsph","timeforininspm","timeforoutinsph","timeforoutinspm","fuelintank","inkm","datetimeout","timeinsiturepair","awaitingtimetech","awaitingtimetools","awaitingtimespares","veheqptoutdate","tsscleardate","tssclosingclk","jobcardclosedon","jobcardclosingclk","code","yearcode","remarks","instatus","outstatus","eqptfunctionalstatus","mainttype","exploitationtype","geographicloc","age","repairgap","previousstatus","previousjobref","spareissue","lrc","ttrrepairs","ttreqptinout","ttrjobclose","refbm","outkm","fuelouttank"
"39","B082809181","2012-08-26 00:00:00","280",,,,,,,,,,,,,,,,,,,,,,,,,,,,,,,,,,,,,,,,,,,,,,
"40","B083562578","2024-07-12 00:00:00","430",,,,,,,,,,,,,,,,,,,,,,,,,,,,,,,,,,,,,,,,,,,,,,
"41","B086866861","2006-05-22 00:00:00","134",,,,,,,,,,,,,,,,,,,,,,,,,,,,,,,,,,,,,,,,,,,,,,
"42","B088987326","2009-02-26 00:00:00","204",,,,,,,,,,,,,,,,,,,,,,,,,,,,,,,,,,,,,,,,,,,,,,
"43","B089209224","2007-03-07 00:00:00","84",,,,,,,,,,,,,,,,,,,,,,,,,,,,,,,,,,,,,,,,,,,,,,
"44","B090996445","2018-02-28 00:00:00","164",,,,,,,,,,,,,,,,,,,,,,,,,,,,,,,,,,,,,,,,,,,,,,
"45","B091612532","2008-01-24 00:00:00","349",,,,,,,,,,,,,,,,,,,,,,,,,,,,,,,,,,,,,,,,,,,,,,
"46","B096002506","2009-01-16 00:00:00","2",,,,,,,,,,,,,,,,,,,,,,,,,,,,,,,,,,,,,,,,,,,,,,
"47","B096345879","2020-01-12 00:00:00","409",,,,,,,,,,,,,,,,,,,,,,,,,,,,,,,,,,,,,,,,,,,,,,
"48","B098875105","2011-07-21 00:00:00","189",,,,,,,,,,,,,,,,,,,,,,,,,,,,,,,,,,,,,,,,,,,,,,
"49","B099828999","2008-12-20 00:00:00","184",,,,,,,,,,,,,,,,,,,,,,,,,,,,,,,,,,,,,,,,,,,,,,
"50","B101971208","2006-09-19 00:00:00","400",,,,,,,,,,,,,,,,,,,,,,,,,,,,,,,,,,,,,,,,,,,,,,
"51","B103080554","2010-04-25 00:00:00","183",,,,,,,,,,,,,,,,,,,,,,,,,,,,,,,,,,,,,,,,,,,,,,
"52","B103193768","2007-01-11 00:00:00","298",,,,,,,,,,,,,,,,,,,,,,,,,,,,,,,,,,,,,,,,,,,,,,
"53","B103859532","2011-06-23 00:00:00","361",,,,,,,,,,,,,,,,,,,,,,,,,,,,,,,,,,,,,,,,,,,,,,
"54","B104821391","2024-01-07 00:00:00","247",,,,,,,,,,,,,,,,,,,,,,,,,,,,,,,,,,,,,,,,,,,,,,
"55","B108062130","2008-06-10 00:00:00","184",,,,,,,,,,,,,,,,,,,,,,,,,,,,,,,,,,,,,,,,,,,,,,
"56","B108519414","2021-09-03 00:00:00","475",,,,,,,,,,,,,,,,,,,,,,,,,,,,,,,,,,,,,,,,,,,,,,
"57","B113190468","2008-07-23 00:00:00","282",,,,,,,,,,,,,,,,,,,,,,,,,,,,,,,,,,,,,,,,,,,,,,
"58","B113243058","2018-12-14 00:00:00","386",,,,,,,,,,,,,,,,,,,,,,,,,,,,,,,,,,,,,,,,,,,,,,
"59","B113403272","2012-02-26 00:00:00","329",,,,,,,,,,,,,,,,,,,,,,,,,,,,,,,,,,,,,,,,,,,,,,
"60","B115463729","2022-08-13 00:00:00","263",,,,,,,,,,,,,,,,,,,,,,,,,,,,,,,,,,,,,,,,,,,,,,
"61","B116481029","2013-08-03 00:00:00","106",,,,,,,,,,,,,,,,,,,,,,,,,,,,,,,,,,,,,,,,,,,,,,
"62","B119822202","2015-01-10 00:00:00","186",,,,,,,,,,,,,,,,,,,,,,,,,,,,,,,,,,,,,,,,,,,,,,
"63","B119906986","2012-10-10 00:00:00","330",,,,,,,,,,,,,,,,,,,,,,,,,,,,,,,,,,,,,,,,,,,,,,
"64","B120530641","2024-01-22 00:00:00","195",,,,,,,,,,,,,,,,,,,,,,,,,,,,,,,,,,,,,,,,,,,,,,
"65","B121374266","2018-03-06 00:00:00","420",,,,,,,,,,,,,,,,,,,,,,,,,,,,,,,,,,,,,,,,,,,,,,
"66","B121561647","2006-12-13 00:00:00","345",,,,,,,,,,,,,,,,,,,,,,,,,,,,,,,,,,,,,,,,,,,,,,
"67","B121684848","2022-05-30 00:00:00","402",,,,,,,,,,,,,,,,,,,,,,,,,,,,,,,,,,,,,,,,,,,,,,
"68","B124410945","2006-04-18 00:00:00","232",,,,,,,,,,,,,,,,,,,,,,,,,,,,,,,,,,,,,,,,,,,,,,
"69","B125366962","2024-06-09 00:00:00","456",,,,,,,,,,,,,,,,,,,,,,,,,,,,,,,,,,,,,,,,,,,,,,
"70","B126013090","2020-11-20 00:00:00","482",,,,,,,,,,,,,,,,,,,,,,,,,,,,,,,,,,,,,,,,,,,,,,
"71","B126594866","2019-08-25 00:00:00","368",,,,,,,,,,,,,,,,,,,,,,,,,,,,,,,,,,,,,,,,,,,,,,
"72","B129374194","2014-09-04 00:00:00","391",,,,,,,,,,,,,,,,,,,,,,,,,,,,,,,,,,,,,,,,,,,,,,
"73","B131640210","2010-10-29 00:00:00","321",,,,,,,,,,,,,,,,,,,,,,,,,,,,,,,,,,,,,,,,,,,,,,
"74","B133057602","2018-10-21 00:00:00","21",,,,,,,,,,,,,,,,,,,,,,,,,,,,,,,,,,,,,,,,,,,,,,
"75","B133597477","2019-11-14 00:00:00","408",,,,,,,,,,,,,,,,,,,,,,,,,,,,,,,,,,,,,,,,,,,,,,
"76","B135590541","2021-01-28 00:00:00","147",,,,,,,,,,,,,,,,,,,,,,,,,,,,,,,,,,,,,,,,,,,,,,
"77","B138464988","2020-09-07 00:00:00","333",,,,,,,,,,,,,,,,,,,,,,,,,,,,,,,,,,,,,,,,,,,,,,
"78","B141203455","2007-05-01 00:00:00","78",,,,,,,,,,,,,,,,,,,,,,,,,,,,,,,,,,,,,,,,,,,,,,
"79","B141468657","2022-05-25 00:00:00","439",,,,,,,,,,,,,,,,,,,,,,,,,,,,,,,,,,,,,,,,,,,,,,
"80","B147541285","2015-10-08 00:00:00","233",,,,,,,,,,,,,,,,,,,,,,,,,,,,,,,,,,,,,,,,,,,,,,
"81","B148875202","2006-11-11 00:00:00","14",,,,,,,,,,,,,,,,,,,,,,,,,,,,,,,,,,,,,,,,,,,,,,
"82","B156157684","2024-10-10 00:00:00","328",,,,,,,,,,,,,,,,,,,,,,,,,,,,,,,,,,,,,,,,,,,,,,
"83","B161773124","2023-03-29 00:00:00","329",,,,,,,,,,,,,,,,,,,,,,,,,,,,,,,,,,,,,,,,,,,,,,
"84","B163559872","2005-03-24 00:00:00","8",,,,,,,,,,,,,,,,,,,,,,,,,,,,,,,,,,,,,,,,,,,,,,
"85","B165838905","2016-04-11 00:00:00","28",,,,,,,,,,,,,,,,,,,,,,,,,,,,,,,,,,,,,,,,,,,,,,
"86","B166962365","2006-01-26 00:00:00","134",,,,,,,,,,,,,,,,,,,,,,,,,,,,,,,,,,,,,,,,,,,,,,
"87","B167386853","2021-11-26 00:00:00","346",,,,,,,,,,,,,,,,,,,,,,,,,,,,,,,,,,,,,,,,,,,,,,
"88","B168933911","2024-01-15 00:00:00","471",,,,,,,,,,,,,,,,,,,,,,,,,,,,,,,,,,,,,,,,,,,,,,
"89","B176654929","2017-04-01 00:00:00","43",,,,,,,,,,,,,,,,,,,,,,,,,,,,,,,,,,,,,,,,,,,,,,
"90","B177694940","2008-06-02 00:00:00","138",,,,,,,,,,,,,,,,,,,,,,,,,,,,,,,,,,,,,,,,,,,,,,
"91","B178646553","2017-12-19 00:00:00","479",,,,,,,,,,,,,,,,,,,,,,,,,,,,,,,,,,,,,,,,,,,,,,
"92","B181595349","2014-06-12 00:00:00","9",,,,,,,,,,,,,,,,,,,,,,,,,,,,,,,,,,,,,,,,,,,,,,
"93","B181723668","2014-05-04 00:00:00","52",,,,,,,,,,,,,,,,,,,,,,,,,,,,,,,,,,,,,,,,,,,,,,
"94","B182890374","2023-11-29 00:00:00","426",,,,,,,,,,,,,,,,,,,,,,,,,,,,,,,,,,,,,,,,,,,,,,
"95","B185975922","2013-04-29 00:00:00","201",,,,,,,,,,,,,,,,,,,,,,,,,,,,,,,,,,,,,,,,,,,,,,
"96","B187002976","2015-11-01 00:00:00","358",,,,,,,,,,,,,,,,,,,,,,,,,,,,,,,,,,,,,,,,,,,,,,
"97","B191491395","2011-05-01 00:00:00","281",,,,,,,,,,,,,,,,,,,,,,,,,,,,,,,,,,,,,,,,,,,,,,
"98","B192717153","2018-06-26 00:00:00","364",,,,,,,,,,,,,,,,,,,,,,,,,,,,,,,,,,,,,,,,,,,,,,
"99","B193189495","2012-02-07 00:00:00","401",,,,,,,,,,,,,,,,,,,,,,,,,,,,,,,,,,,,,,,,,,,,,,
"100","B193404235","2020-06-04 00:00:00","131",,,,,,,,,,,,,,,,,,,,,,,,,,,,,,,,,,,,,,,,,,,,,,
"101","B193414543","2011-04-22 00:00:00","311",,,,,,,,,,,,,,,,,,,,,,,,,,,,,,,,,,,,,,,,,,,,,,
"102","B193553857","2007-09-11 00:00:00","383",,,,,,,,,,,,,,,,,,,,,,,,,,,,,,,,,,,,,,,,,,,,,,
"103","B193837933","2016-03-04 00:00:00","318",,,,,,,,,,,,,,,,,,,,,,,,,,,,,,,,,,,,,,,,,,,,,,
"104","B197776049","2016-11-08 00:00:00","238",,,,,,,,,,,,,,,,,,,,,,,,,,,,,,,,,,,,,,,,,,,,,,
"105","B202203402","2006-08-08 00:00:00","424",,,,,,,,,,,,,,,,,,,,,,,,,,,,,,,,,,,,,,,,,,,,,,
"106","B205337785","2017-08-30 00:00:00","115",,,,,,,,,,,,,,,,,,,,,,,,,,,,,,,,,,,,,,,,,,,,,,
"107","B207176470","2007-07-25 00:00:00","200",,,,,,,,,,,,,,,,,,,,,,,,,,,,,,,,,,,,,,,,,,,,,,
"108","B212562428","2019-08-08 00:00:00","64",,,,,,,,,,,,,,,,,,,,,,,,,,,,,,,,,,,,,,,,,,,,,,
"109","B212776646","2012-04-19 00:00:00","92",,,,,,,,,,,,,,,,,,,,,,,,,,,,,,,,,,,,,,,,,,,,,,
"110","B219064603","2022-10-13 00:00:00","125",,,,,,,,,,,,,,,,,,,,,,,,,,,,,,,,,,,,,,,,,,,,,,
"111","B225628827","2015-12-04 00:00:00","274",,,,,,,,,,,,,,,,,,,,,,,,,,,,,,,,,,,,,,,,,,,,,,
"112","B230787154","2015-10-10 00:00:00","179",,,,,,,,,,,,,,,,,,,,,,,,,,,,,,,,,,,,,,,,,,,,,,
"113","B231770670","2012-08-14 00:00:00","151",,,,,,,,,,,,,,,,,,,,,,,,,,,,,,,,,,,,,,,,,,,,,,
"114","B236527107","2006-11-13 00:00:00","459",,,,,,,,,,,,,,,,,,,,,,,,,,,,,,,,,,,,,,,,,,,,,,
"115","B237647153","2012-05-15 00:00:00","496",,,,,,,,,,,,,,,,,,,,,,,,,,,,,,,,,,,,,,,,,,,,,,
"116","B239516697","2019-09-08 00:00:00","449",,,,,,,,,,,,,,,,,,,,,,,,,,,,,,,,,,,,,,,,,,,,,,
"117","B239728231","2013-04-29 00:00:00","152",,,,,,,,,,,,,,,,,,,,,,,,,,,,,,,,,,,,,,,,,,,,,,
"118","B248799163","2008-04-15 00:00:00","258",,,,,,,,,,,,,,,,,,,,,,,,,,,,,,,,,,,,,,,,,,,,,,
"119","B252269056","2024-11-05 00:00:00","149",,,,,,,,,,,,,,,,,,,,,,,,,,,,,,,,,,,,,,,,,,,,,,
"120","B255989324","2005-05-06 00:00:00","483",,,,,,,,,,,,,,,,,,,,,,,,,,,,,,,,,,,,,,,,,,,,,,
"121","B256553126","2013-08-28 00:00:00","223",,,,,,,,,,,,,,,,,,,,,,,,,,,,,,,,,,,,,,,,,,,,,,
"122","B263415460","2005-01-11 00:00:00","119",,,,,,,,,,,,,,,,,,,,,,,,,,,,,,,,,,,,,,,,,,,,,,
"123","B264817430","2018-10-10 00:00:00","495",,,,,,,,,,,,,,,,,,,,,,,,,,,,,,,,,,,,,,,,,,,,,,
"124","B266412623","2023-12-19 00:00:00","399",,,,,,,,,,,,,,,,,,,,,,,,,,,,,,,,,,,,,,,,,,,,,,
"125","B269671271","2021-03-17 00:00:00","171",,,,,,,,,,,,,,,,,,,,,,,,,,,,,,,,,,,,,,,,,,,,,,
"126","B270329594","2016-02-22 00:00:00","98",,,,,,,,,,,,,,,,,,,,,,,,,,,,,,,,,,,,,,,,,,,,,,
"127","B273851681","2019-04-26 00:00:00","99",,,,,,,,,,,,,,,,,,,,,,,,,,,,,,,,,,,,,,,,,,,,,,
"128","B275511031","2024-03-27 00:00:00","388",,,,,,,,,,,,,,,,,,,,,,,,,,,,,,,,,,,,,,,,,,,,,,
"129","B275620917","2011-10-08 00:00:00","342",,,,,,,,,,,,,,,,,,,,,,,,,,,,,,,,,,,,,,,,,,,,,,
"130","B276699284","2008-01-25 00:00:00","219",,,,,,,,,,,,,,,,,,,,,,,,,,,,,,,,,,,,,,,,,,,,,,
"131","B281387191","2012-09-12 00:00:00","390",,,,,,,,,,,,,,,,,,,,,,,,,,,,,,,,,,,,,,,,,,,,,,
"132","B284586002","2022-08-20 00:00:00","228",,,,,,,,,,,,,,,,,,,,,,,,,,,,,,,,,,,,,,,,,,,,,,
"133","B288745029","2013-05-13 00:00:00","108",,,,,,,,,,,,,,,,,,,,,,,,,,,,,,,,,,,,,,,,,,,,,,
"134","B289536497","2014-09-26 00:00:00","214",,,,,,,,,,,,,,,,,,,,,,,,,,,,,,,,,,,,,,,,,,,,,,
"135","B295336122","2014-10-13 00:00:00","391",,,,,,,,,,,,,,,,,,,,,,,,,,,,,,,,,,,,,,,,,,,,,,
"136","B297128953","2011-01-06 00:00:00","283",,,,,,,,,,,,,,,,,,,,,,,,,,,,,,,,,,,,,,,,,,,,,,
"137","B299519691","2024-05-11 00:00:00","485",,,,,,,,,,,,,,,,,,,,,,,,,,,,,,,,,,,,,,,,,,,,,,
"138","B300602206","2007-09-12 00:00:00","9",,,,,,,,,,,,,,,,,,,,,,,,,,,,,,,,,,,,,,,,,,,,,,
"139","B301032911","2009-04-03 00:00:00","362",,,,,,,,,,,,,,,,,,,,,,,,,,,,,,,,,,,,,,,,,,,,,,
"140","B304027319","2012-11-20 00:00:00","450",,,,,,,,,,,,,,,,,,,,,,,,,,,,,,,,,,,,,,,,,,,,,,
"141","B308066138","2014-03-19 00:00:00","4",,,,,,,,,,,,,,,,,,,,,,,,,,,,,,,,,,,,,,,,,,,,,,
"142","B310260705","2008-09-28 00:00:00","317",,,,,,,,,,,,,,,,,,,,,,,,,,,,,,,,,,,,,,,,,,,,,,
"143","B311065442","2022-03-03 00:00:00","41",,,,,,,,,,,,,,,,,,,,,,,,,,,,,,,,,,,,,,,,,,,,,,
"144","B311198511","2022-04-10 00:00:00","188",,,,,,,,,,,,,,,,,,,,,,,,,,,,,,,,,,,,,,,,,,,,,,
"145","B311351281","2016-11-08 00:00:00","246",,,,,,,,,,,,,,,,,,,,,,,,,,,,,,,,,,,,,,,,,,,,,,
"146","B311493714","2011-09-12 00:00:00","253",,,,,,,,,,,,,,,,,,,,,,,,,,,,,,,,,,,,,,,,,,,,,,
"147","B313966277","2022-09-22 00:00:00","1",,,,,,,,,,,,,,,,,,,,,,,,,,,,,,,,,,,,,,,,,,,,,,
"148","B316634759","2015-12-05 00:00:00","297",,,,,,,,,,,,,,,,,,,,,,,,,,,,,,,,,,,,,,,,,,,,,,
"149","B319737246","2005-07-01 00:00:00","247",,,,,,,,,,,,,,,,,,,,,,,,,,,,,,,,,,,,,,,,,,,,,,
"150","B320415321","2009-08-04 00:00:00","378",,,,,,,,,,,,,,,,,,,,,,,,,,,,,,,,,,,,,,,,,,,,,,
"151","B321118248","2010-09-18 00:00:00","269",,,,,,,,,,,,,,,,,,,,,,,,,,,,,,,,,,,,,,,,,,,,,,
"152","B322719514","2012-03-09 00:00:00","208",,,,,,,,,,,,,,,,,,,,,,,,,,,,,,,,,,,,,,,,,,,,,,
"153","B325639470","2020-03-08 00:00:00","460",,,,,,,,,,,,,,,,,,,,,,,,,,,,,,,,,,,,,,,,,,,,,,
"154","B327905338","2006-09-28 00:00:00","41",,,,,,,,,,,,,,,,,,,,,,,,,,,,,,,,,,,,,,,,,,,,,,
"155","B331612372","2006-07-07 00:00:00","189",,,,,,,,,,,,,,,,,,,,,,,,,,,,,,,,,,,,,,,,,,,,,,
"156","B333640364","2021-09-23 00:00:00","153",,,,,,,,,,,,,,,,,,,,,,,,,,,,,,,,,,,,,,,,,,,,,,
"157","B336554076","2009-10-19 00:00:00","446",,,,,,,,,,,,,,,,,,,,,,,,,,,,,,,,,,,,,,,,,,,,,,
"158","B341783279","2024-02-23 00:00:00","271",,,,,,,,,,,,,,,,,,,,,,,,,,,,,,,,,,,,,,,,,,,,,,
"159","B342131289","2017-06-02 00:00:00","172",,,,,,,,,,,,,,,,,,,,,,,,,,,,,,,,,,,,,,,,,,,,,,
"160","B343138336","2020-04-18 00:00:00","372",,,,,,,,,,,,,,,,,,,,,,,,,,,,,,,,,,,,,,,,,,,,,,
"161","B344968114","2012-04-09 00:00:00","15",,,,,,,,,,,,,,,,,,,,,,,,,,,,,,,,,,,,,,,,,,,,,,
"162","B345099513","2013-03-29 00:00:00","422",,,,,,,,,,,,,,,,,,,,,,,,,,,,,,,,,,,,,,,,,,,,,,
"163","B345515282","2024-02-18 00:00:00","59",,,,,,,,,,,,,,,,,,,,,,,,,,,,,,,,,,,,,,,,,,,,,,
"164","B351520391","2009-02-22 00:00:00","175",,,,,,,,,,,,,,,,,,,,,,,,,,,,,,,,,,,,,,,,,,,,,,
"165","B359925135","2017-03-24 00:00:00","75",,,,,,,,,,,,,,,,,,,,,,,,,,,,,,,,,,,,,,,,,,,,,,
"166","B361860167","2020-07-12 00:00:00","185",,,,,,,,,,,,,,,,,,,,,,,,,,,,,,,,,,,,,,,,,,,,,,
"167","B365249000","2009-05-06 00:00:00","350",,,,,,,,,,,,,,,,,,,,,,,,,,,,,,,,,,,,,,,,,,,,,,
"168","B368098747","2016-11-03 00:00:00","135",,,,,,,,,,,,,,,,,,,,,,,,,,,,,,,,,,,,,,,,,,,,,,
"169","B370718589","2012-01-06 00:00:00","17",,,,,,,,,,,,,,,,,,,,,,,,,,,,,,,,,,,,,,,,,,,,,,
"170","B373780744","2014-03-27 00:00:00","380",,,,,,,,,,,,,,,,,,,,,,,,,,,,,,,,,,,,,,,,,,,,,,
"171","B375481901","2007-04-04 00:00:00","309",,,,,,,,,,,,,,,,,,,,,,,,,,,,,,,,,,,,,,,,,,,,,,
"172","B378636085","2005-06-02 00:00:00","58",,,,,,,,,,,,,,,,,,,,,,,,,,,,,,,,,,,,,,,,,,,,,,
"173","B382214087","2009-11-25 00:00:00","54",,,,,,,,,,,,,,,,,,,,,,,,,,,,,,,,,,,,,,,,,,,,,,
"174","B383873872","2019-01-18 00:00:00","26",,,,,,,,,,,,,,,,,,,,,,,,,,,,,,,,,,,,,,,,,,,,,,
"175","B387768488","2021-05-17 00:00:00","310",,,,,,,,,,,,,,,,,,,,,,,,,,,,,,,,,,,,,,,,,,,,,,
"176","B392013557","2011-11-09 00:00:00","116",,,,,,,,,,,,,,,,,,,,,,,,,,,,,,,,,,,,,,,,,,,,,,
"177","B392483622","2010-08-28 00:00:00","246",,,,,,,,,,,,,,,,,,,,,,,,,,,,,,,,,,,,,,,,,,,,,,
"178","B393035246","2021-07-15 00:00:00","332",,,,,,,,,,,,,,,,,,,,,,,,,,,,,,,,,,,,,,,,,,,,,,
"179","B393953932","2023-08-30 00:00:00","97",,,,,,,,,,,,,,,,,,,,,,,,,,,,,,,,,,,,,,,,,,,,,,
"180","B394263599","2008-01-05 00:00:00","259",,,,,,,,,,,,,,,,,,,,,,,,,,,,,,,,,,,,,,,,,,,,,,
"181","B402056865","2006-08-10 00:00:00","211",,,,,,,,,,,,,,,,,,,,,,,,,,,,,,,,,,,,,,,,,,,,,,
"182","B403043139","2013-05-08 00:00:00","300",,,,,,,,,,,,,,,,,,,,,,,,,,,,,,,,,,,,,,,,,,,,,,
"183","B405570341","2007-05-13 00:00:00","116",,,,,,,,,,,,,,,,,,,,,,,,,,,,,,,,,,,,,,,,,,,,,,
"184","B405995075","2009-06-29 00:00:00","466",,,,,,,,,,,,,,,,,,,,,,,,,,,,,,,,,,,,,,,,,,,,,,
"185","B407865867","2014-06-05 00:00:00","68",,,,,,,,,,,,,,,,,,,,,,,,,,,,,,,,,,,,,,,,,,,,,,
"186","B408748495","2020-07-08 00:00:00","325",,,,,,,,,,,,,,,,,,,,,,,,,,,,,,,,,,,,,,,,,,,,,,
"187","B414392011","2011-09-30 00:00:00","281",,,,,,,,,,,,,,,,,,,,,,,,,,,,,,,,,,,,,,,,,,,,,,
"188","B415889480","2024-04-06 00:00:00","54",,,,,,,,,,,,,,,,,,,,,,,,,,,,,,,,,,,,,,,,,,,,,,
"189","B416622773","2013-10-23 00:00:00","201",,,,,,,,,,,,,,,,,,,,,,,,,,,,,,,,,,,,,,,,,,,,,,
"190","B417600138","2016-08-04 00:00:00","6",,,,,,,,,,,,,,,,,,,,,,,,,,,,,,,,,,,,,,,,,,,,,,
"191","B419399001","2005-06-10 00:00:00","410",,,,,,,,,,,,,,,,,,,,,,,,,,,,,,,,,,,,,,,,,,,,,,
"192","B421396233","2011-07-22 00:00:00","173",,,,,,,,,,,,,,,,,,,,,,,,,,,,,,,,,,,,,,,,,,,,,,
"193","B423279095","2021-11-24 00:00:00","299",,,,,,,,,,,,,,,,,,,,,,,,,,,,,,,,,,,,,,,,,,,,,,
"194","B423568672","2014-04-24 00:00:00","164",,,,,,,,,,,,,,,,,,,,,,,,,,,,,,,,,,,,,,,,,,,,,,
"195","B425380937","2019-07-17 00:00:00","14",,,,,,,,,,,,,,,,,,,,,,,,,,,,,,,,,,,,,,,,,,,,,,
"196","B425755258","2010-03-10 00:00:00","372",,,,,,,,,,,,,,,,,,,,,,,,,,,,,,,,,,,,,,,,,,,,,,
"197","B427887804","2011-10-25 00:00:00","200",,,,,,,,,,,,,,,,,,,,,,,,,,,,,,,,,,,,,,,,,,,,,,
"198","B428983108","2019-10-11 00:00:00","186",,,,,,,,,,,,,,,,,,,,,,,,,,,,,,,,,,,,,,,,,,,,,,
"199","B429830912","2024-06-28 00:00:00","17",,,,,,,,,,,,,,,,,,,,,,,,,,,,,,,,,,,,,,,,,,,,,,
"200","B430185871","2021-03-14 00:00:00","50",,,,,,,,,,,,,,,,,,,,,,,,,,,,,,,,,,,,,,,,,,,,,,
"201","B437124962","2017-11-12 00:00:00","457",,,,,,,,,,,,,,,,,,,,,,,,,,,,,,,,,,,,,,,,,,,,,,
"202","B441715188","2011-09-23 00:00:00","29",,,,,,,,,,,,,,,,,,,,,,,,,,,,,,,,,,,,,,,,,,,,,,
"203","B441958868","2022-02-12 00:00:00","13",,,,,,,,,,,,,,,,,,,,,,,,,,,,,,,,,,,,,,,,,,,,,,
"204","B442382182","2020-05-21 00:00:00","69",,,,,,,,,,,,,,,,,,,,,,,,,,,,,,,,,,,,,,,,,,,,,,
"205","B443967984","2010-07-17 00:00:00","391",,,,,,,,,,,,,,,,,,,,,,,,,,,,,,,,,,,,,,,,,,,,,,
"206","B444411111","2005-01-09 00:00:00","201",,,,,,,,,,,,,,,,,,,,,,,,,,,,,,,,,,,,,,,,,,,,,,
"207","B446951641","2022-01-08 00:00:00","440",,,,,,,,,,,,,,,,,,,,,,,,,,,,,,,,,,,,,,,,,,,,,,
"208","B451203428","2008-03-01 00:00:00","417",,,,,,,,,,,,,,,,,,,,,,,,,,,,,,,,,,,,,,,,,,,,,,
"209","B451543857","2009-12-14 00:00:00","144",,,,,,,,,,,,,,,,,,,,,,,,,,,,,,,,,,,,,,,,,,,,,,
"210","B453442482","2016-12-30 00:00:00","395",,,,,,,,,,,,,,,,,,,,,,,,,,,,,,,,,,,,,,,,,,,,,,
"211","B454905208","2017-02-05 00:00:00","96",,,,,,,,,,,,,,,,,,,,,,,,,,,,,,,,,,,,,,,,,,,,,,
"212","B455656505","2018-06-18 00:00:00","420",,,,,,,,,,,,,,,,,,,,,,,,,,,,,,,,,,,,,,,,,,,,,,
"213","B459819289","2007-02-07 00:00:00","4",,,,,,,,,,,,,,,,,,,,,,,,,,,,,,,,,,,,,,,,,,,,,,
"214","B460769059","2014-03-04 00:00:00","257",,,,,,,,,,,,,,,,,,,,,,,,,,,,,,,,,,,,,,,,,,,,,,
"215","B461559807","2008-04-19 00:00:00","100",,,,,,,,,,,,,,,,,,,,,,,,,,,,,,,,,,,,,,,,,,,,,,
"216","B466130030","2006-07-07 00:00:00","116",,,,,,,,,,,,,,,,,,,,,,,,,,,,,,,,,,,,,,,,,,,,,,
"217","B466455447","2008-08-02 00:00:00","429",,,,,,,,,,,,,,,,,,,,,,,,,,,,,,,,,,,,,,,,,,,,,,
"218","B468138125","2013-06-16 00:00:00","490",,,,,,,,,,,,,,,,,,,,,,,,,,,,,,,,,,,,,,,,,,,,,,
"219","B475083223","2006-06-06 00:00:00","68",,,,,,,,,,,,,,,,,,,,,,,,,,,,,,,,,,,,,,,,,,,,,,
"220","B475267968","2016-07-26 00:00:00","476",,,,,,,,,,,,,,,,,,,,,,,,,,,,,,,,,,,,,,,,,,,,,,
"221","B475522276","2019-03-27 00:00:00","292",,,,,,,,,,,,,,,,,,,,,,,,,,,,,,,,,,,,,,,,,,,,,,
"222","B475806019","2020-05-01 00:00:00","299",,,,,,,,,,,,,,,,,,,,,,,,,,,,,,,,,,,,,,,,,,,,,,
"223","B476573578","2008-08-07 00:00:00","350",,,,,,,,,,,,,,,,,,,,,,,,,,,,,,,,,,,,,,,,,,,,,,
"224","B478273170","2007-08-10 00:00:00","95",,,,,,,,,,,,,,,,,,,,,,,,,,,,,,,,,,,,,,,,,,,,,,
"225","B478439953","2019-06-20 00:00:00","107",,,,,,,,,,,,,,,,,,,,,,,,,,,,,,,,,,,,,,,,,,,,,,
"226","B478759604","2016-06-28 00:00:00","144",,,,,,,,,,,,,,,,,,,,,,,,,,,,,,,,,,,,,,,,,,,,,,
"227","B482382427","2006-12-09 00:00:00","297",,,,,,,,,,,,,,,,,,,,,,,,,,,,,,,,,,,,,,,,,,,,,,
"228","B485717872","2021-04-11 00:00:00","428",,,,,,,,,,,,,,,,,,,,,,,,,,,,,,,,,,,,,,,,,,,,,,
"229","B491045241","2012-11-19 00:00:00","384",,,,,,,,,,,,,,,,,,,,,,,,,,,,,,,,,,,,,,,,,,,,,,
"230","B492369422","2018-12-01 00:00:00","120",,,,,,,,,,,,,,,,,,,,,,,,,,,,,,,,,,,,,,,,,,,,,,
"231","B494256497","2022-02-02 00:00:00","352",,,,,,,,,,,,,,,,,,,,,,,,,,,,,,,,,,,,,,,,,,,,,,
"232","B495481914","2016-06-14 00:00:00","439",,,,,,,,,,,,,,,,,,,,,,,,,,,,,,,,,,,,,,,,,,,,,,
"233","B495609018","2013-06-26 00:00:00","221",,,,,,,,,,,,,,,,,,,,,,,,,,,,,,,,,,,,,,,,,,,,,,
"234","B495706448","2022-08-05 00:00:00","82",,,,,,,,,,,,,,,,,,,,,,,,,,,,,,,,,,,,,,,,,,,,,,
"235","B496755024","2008-02-13 00:00:00","203",,,,,,,,,,,,,,,,,,,,,,,,,,,,,,,,,,,,,,,,,,,,,,
"236","B498214770","2022-09-21 00:00:00","167",,,,,,,,,,,,,,,,,,,,,,,,,,,,,,,,,,,,,,,,,,,,,,
"237","B500507957","2011-07-06 00:00:00","268",,,,,,,,,,,,,,,,,,,,,,,,,,,,,,,,,,,,,,,,,,,,,,
"238","B504243575","2007-03-21 00:00:00","409",,,,,,,,,,,,,,,,,,,,,,,,,,,,,,,,,,,,,,,,,,,,,,
"239","B504516153","2010-01-19 00:00:00","291",,,,,,,,,,,,,,,,,,,,,,,,,,,,,,,,,,,,,,,,,,,,,,
"240","B507090251","2006-03-01 00:00:00","81",,,,,,,,,,,,,,,,,,,,,,,,,,,,,,,,,,,,,,,,,,,,,,
"241","B507762442","2024-12-23 00:00:00","365",,,,,,,,,,,,,,,,,,,,,,,,,,,,,,,,,,,,,,,,,,,,,,
"242","B508306172","2017-06-17 00:00:00","188",,,,,,,,,,,,,,,,,,,,,,,,,,,,,,,,,,,,,,,,,,,,,,
"243","B509252611","2006-03-22 00:00:00","36",,,,,,,,,,,,,,,,,,,,,,,,,,,,,,,,,,,,,,,,,,,,,,
"244","B509308908","2010-06-12 00:00:00","472",,,,,,,,,,,,,,,,,,,,,,,,,,,,,,,,,,,,,,,,,,,,,,
"245","B509602655","2015-08-25 00:00:00","167",,,,,,,,,,,,,,,,,,,,,,,,,,,,,,,,,,,,,,,,,,,,,,
"246","B510270356","2011-03-20 00:00:00","248",,,,,,,,,,,,,,,,,,,,,,,,,,,,,,,,,,,,,,,,,,,,,,
"247","B514082323","2024-07-07 00:00:00","116",,,,,,,,,,,,,,,,,,,,,,,,,,,,,,,,,,,,,,,,,,,,,,
"248","B519694800","2024-05-10 00:00:00","31",,,,,,,,,,,,,,,,,,,,,,,,,,,,,,,,,,,,,,,,,,,,,,
"249","B522083774","2017-12-21 00:00:00","143",,,,,,,,,,,,,,,,,,,,,,,,,,,,,,,,,,,,,,,,,,,,,,
"250","B522564354","2023-06-14 00:00:00","455",,,,,,,,,,,,,,,,,,,,,,,,,,,,,,,,,,,,,,,,,,,,,,
"251","B524375466","2010-01-09 00:00:00","479",,,,,,,,,,,,,,,,,,,,,,,,,,,,,,,,,,,,,,,,,,,,,,
"252","B526795861","2022-11-02 00:00:00","42",,,,,,,,,,,,,,,,,,,,,,,,,,,,,,,,,,,,,,,,,,,,,,
"253","B527999311","2022-11-08 00:00:00","417",,,,,,,,,,,,,,,,,,,,,,,,,,,,,,,,,,,,,,,,,,,,,,
"254","B528384380","2008-11-06 00:00:00","346",,,,,,,,,,,,,,,,,,,,,,,,,,,,,,,,,,,,,,,,,,,,,,
"255","B528839662","2020-03-27 00:00:00","300",,,,,,,,,,,,,,,,,,,,,,,,,,,,,,,,,,,,,,,,,,,,,,
"256","B530605148","2022-08-30 00:00:00","113",,,,,,,,,,,,,,,,,,,,,,,,,,,,,,,,,,,,,,,,,,,,,,
"257","B533252301","2016-02-22 00:00:00","333",,,,,,,,,,,,,,,,,,,,,,,,,,,,,,,,,,,,,,,,,,,,,,
"258","B534790878","2014-06-15 00:00:00","66",,,,,,,,,,,,,,,,,,,,,,,,,,,,,,,,,,,,,,,,,,,,,,
"259","B535974493","2010-09-28 00:00:00","479",,,,,,,,,,,,,,,,,,,,,,,,,,,,,,,,,,,,,,,,,,,,,,
"260","B538742691","2011-07-19 00:00:00","259",,,,,,,,,,,,,,,,,,,,,,,,,,,,,,,,,,,,,,,,,,,,,,
"261","B539051720","2005-01-28 00:00:00","286",,,,,,,,,,,,,,,,,,,,,,,,,,,,,,,,,,,,,,,,,,,,,,
"262","B544330115","2019-05-12 00:00:00","444",,,,,,,,,,,,,,,,,,,,,,,,,,,,,,,,,,,,,,,,,,,,,,
"263","B546114615","2021-06-30 00:00:00","499",,,,,,,,,,,,,,,,,,,,,,,,,,,,,,,,,,,,,,,,,,,,,,
"264","B546792206","2009-02-14 00:00:00","403",,,,,,,,,,,,,,,,,,,,,,,,,,,,,,,,,,,,,,,,,,,,,,
"265","B550023418","2007-07-16 00:00:00","2",,,,,,,,,,,,,,,,,,,,,,,,,,,,,,,,,,,,,,,,,,,,,,
"266","B550637638","2018-07-27 00:00:00","393",,,,,,,,,,,,,,,,,,,,,,,,,,,,,,,,,,,,,,,,,,,,,,
"267","B552144541","2011-05-28 00:00:00","406",,,,,,,,,,,,,,,,,,,,,,,,,,,,,,,,,,,,,,,,,,,,,,
"268","B553243764","2024-05-09 00:00:00","432",,,,,,,,,,,,,,,,,,,,,,,,,,,,,,,,,,,,,,,,,,,,,,
"269","B554451483","2019-09-19 00:00:00","256",,,,,,,,,,,,,,,,,,,,,,,,,,,,,,,,,,,,,,,,,,,,,,
"270","B555658188","2017-07-08 00:00:00","242",,,,,,,,,,,,,,,,,,,,,,,,,,,,,,,,,,,,,,,,,,,,,,
"271","B558598376","2008-12-14 00:00:00","72",,,,,,,,,,,,,,,,,,,,,,,,,,,,,,,,,,,,,,,,,,,,,,
"272","B558913614","2016-07-22 00:00:00","285",,,,,,,,,,,,,,,,,,,,,,,,,,,,,,,,,,,,,,,,,,,,,,
"273","B563609908","2006-05-30 00:00:00","163",,,,,,,,,,,,,,,,,,,,,,,,,,,,,,,,,,,,,,,,,,,,,,
"274","B565038460","2022-12-07 00:00:00","447",,,,,,,,,,,,,,,,,,,,,,,,,,,,,,,,,,,,,,,,,,,,,,
"275","B569244523","2011-04-29 00:00:00","288",,,,,,,,,,,,,,,,,,,,,,,,,,,,,,,,,,,,,,,,,,,,,,
"276","B570008480","2016-06-28 00:00:00","74",,,,,,,,,,,,,,,,,,,,,,,,,,,,,,,,,,,,,,,,,,,,,,
"277","B571276435","2018-02-04 00:00:00","316",,,,,,,,,,,,,,,,,,,,,,,,,,,,,,,,,,,,,,,,,,,,,,
"278","B571388042","2015-12-14 00:00:00","117",,,,,,,,,,,,,,,,,,,,,,,,,,,,,,,,,,,,,,,,,,,,,,
"279","B571439352","2015-01-23 00:00:00","147",,,,,,,,,,,,,,,,,,,,,,,,,,,,,,,,,,,,,,,,,,,,,,
"280","B572423983","2015-02-09 00:00:00","30",,,,,,,,,,,,,,,,,,,,,,,,,,,,,,,,,,,,,,,,,,,,,,
"281","B572963809","2007-02-05 00:00:00","454",,,,,,,,,,,,,,,,,,,,,,,,,,,,,,,,,,,,,,,,,,,,,,
"282","B574499601","2019-04-06 00:00:00","474",,,,,,,,,,,,,,,,,,,,,,,,,,,,,,,,,,,,,,,,,,,,,,
"283","B574717215","2021-03-14 00:00:00","148",,,,,,,,,,,,,,,,,,,,,,,,,,,,,,,,,,,,,,,,,,,,,,
"284","B575037395","2013-07-03 00:00:00","332",,,,,,,,,,,,,,,,,,,,,,,,,,,,,,,,,,,,,,,,,,,,,,
"285","B576013754","2018-09-10 00:00:00","445",,,,,,,,,,,,,,,,,,,,,,,,,,,,,,,,,,,,,,,,,,,,,,
"286","B577782800","2009-11-07 00:00:00","80",,,,,,,,,,,,,,,,,,,,,,,,,,,,,,,,,,,,,,,,,,,,,,
"287","B578589834","2009-10-16 00:00:00","94",,,,,,,,,,,,,,,,,,,,,,,,,,,,,,,,,,,,,,,,,,,,,,
"288","B580278727","2017-10-22 00:00:00","401",,,,,,,,,,,,,,,,,,,,,,,,,,,,,,,,,,,,,,,,,,,,,,
"289","B581533728","2022-10-08 00:00:00","56",,,,,,,,,,,,,,,,,,,,,,,,,,,,,,,,,,,,,,,,,,,,,,
"290","B589429935","2008-07-01 00:00:00","442",,,,,,,,,,,,,,,,,,,,,,,,,,,,,,,,,,,,,,,,,,,,,,
"291","B589660368","2017-12-02 00:00:00","266",,,,,,,,,,,,,,,,,,,,,,,,,,,,,,,,,,,,,,,,,,,,,,
"292","B591568844","2017-03-25 00:00:00","477",,,,,,,,,,,,,,,,,,,,,,,,,,,,,,,,,,,,,,,,,,,,,,
"293","B594587897","2009-02-03 00:00:00","470",,,,,,,,,,,,,,,,,,,,,,,,,,,,,,,,,,,,,,,,,,,,,,
"294","B596032671","2008-04-30 00:00:00","425",,,,,,,,,,,,,,,,,,,,,,,,,,,,,,,,,,,,,,,,,,,,,,
"295","B598073122","2021-04-04 00:00:00","21",,,,,,,,,,,,,,,,,,,,,,,,,,,,,,,,,,,,,,,,,,,,,,
"296","B598218412","2012-06-03 00:00:00","54",,,,,,,,,,,,,,,,,,,,,,,,,,,,,,,,,,,,,,,,,,,,,,
"297","B601613565","2021-05-14 00:00:00","60",,,,,,,,,,,,,,,,,,,,,,,,,,,,,,,,,,,,,,,,,,,,,,
"298","B603437288","2018-11-11 00:00:00","154",,,,,,,,,,,,,,,,,,,,,,,,,,,,,,,,,,,,,,,,,,,,,,
"299","B605298471","2010-03-16 00:00:00","42",,,,,,,,,,,,,,,,,,,,,,,,,,,,,,,,,,,,,,,,,,,,,,
"300","B608210596","2016-10-13 00:00:00","137",,,,,,,,,,,,,,,,,,,,,,,,,,,,,,,,,,,,,,,,,,,,,,
"301","B608301335","2008-01-03 00:00:00","455",,,,,,,,,,,,,,,,,,,,,,,,,,,,,,,,,,,,,,,,,,,,,,
"302","B609807532","2020-02-24 00:00:00","194",,,,,,,,,,,,,,,,,,,,,,,,,,,,,,,,,,,,,,,,,,,,,,
"303","B610922354","2007-10-05 00:00:00","10",,,,,,,,,,,,,,,,,,,,,,,,,,,,,,,,,,,,,,,,,,,,,,
"304","B611136305","2008-04-27 00:00:00","435",,,,,,,,,,,,,,,,,,,,,,,,,,,,,,,,,,,,,,,,,,,,,,
"305","B611210513","2008-07-03 00:00:00","23",,,,,,,,,,,,,,,,,,,,,,,,,,,,,,,,,,,,,,,,,,,,,,
"306","B612450544","2009-01-23 00:00:00","73",,,,,,,,,,,,,,,,,,,,,,,,,,,,,,,,,,,,,,,,,,,,,,
"307","B613433294","2006-04-04 00:00:00","225",,,,,,,,,,,,,,,,,,,,,,,,,,,,,,,,,,,,,,,,,,,,,,
"308","B616315620","2021-05-23 00:00:00","199",,,,,,,,,,,,,,,,,,,,,,,,,,,,,,,,,,,,,,,,,,,,,,
"309","B617801938","2015-06-11 00:00:00","116",,,,,,,,,,,,,,,,,,,,,,,,,,,,,,,,,,,,,,,,,,,,,,
"310","B619629845","2020-06-06 00:00:00","20",,,,,,,,,,,,,,,,,,,,,,,,,,,,,,,,,,,,,,,,,,,,,,
"311","B620619798","2020-04-27 00:00:00","363",,,,,,,,,,,,,,,,,,,,,,,,,,,,,,,,,,,,,,,,,,,,,,
"312","B622485298","2012-09-19 00:00:00","473",,,,,,,,,,,,,,,,,,,,,,,,,,,,,,,,,,,,,,,,,,,,,,
"313","B626537401","2022-01-13 00:00:00","151",,,,,,,,,,,,,,,,,,,,,,,,,,,,,,,,,,,,,,,,,,,,,,
"314","B632204520","2015-08-17 00:00:00","18",,,,,,,,,,,,,,,,,,,,,,,,,,,,,,,,,,,,,,,,,,,,,,
"315","B635270942","2022-05-21 00:00:00","225",,,,,,,,,,,,,,,,,,,,,,,,,,,,,,,,,,,,,,,,,,,,,,
"316","B637139415","2008-01-23 00:00:00","218",,,,,,,,,,,,,,,,,,,,,,,,,,,,,,,,,,,,,,,,,,,,,,
"317","B639130777","2009-09-29 00:00:00","202",,,,,,,,,,,,,,,,,,,,,,,,,,,,,,,,,,,,,,,,,,,,,,
"318","B639782838","2005-01-04 00:00:00","65",,,,,,,,,,,,,,,,,,,,,,,,,,,,,,,,,,,,,,,,,,,,,,
"319","B640604801","2024-03-11 00:00:00","404",,,,,,,,,,,,,,,,,,,,,,,,,,,,,,,,,,,,,,,,,,,,,,
"320","B641519980","2021-02-04 00:00:00","377",,,,,,,,,,,,,,,,,,,,,,,,,,,,,,,,,,,,,,,,,,,,,,
"321","B644635203","2009-11-21 00:00:00","72",,,,,,,,,,,,,,,,,,,,,,,,,,,,,,,,,,,,,,,,,,,,,,
"322","B644804231","2006-08-25 00:00:00","25",,,,,,,,,,,,,,,,,,,,,,,,,,,,,,,,,,,,,,,,,,,,,,
"323","B647158145","2006-10-31 00:00:00","253",,,,,,,,,,,,,,,,,,,,,,,,,,,,,,,,,,,,,,,,,,,,,,
"324","B647834500","2021-12-04 00:00:00","252",,,,,,,,,,,,,,,,,,,,,,,,,,,,,,,,,,,,,,,,,,,,,,
"325","B651140953","2016-11-29 00:00:00","193",,,,,,,,,,,,,,,,,,,,,,,,,,,,,,,,,,,,,,,,,,,,,,
"326","B652860690","2014-04-21 00:00:00","264",,,,,,,,,,,,,,,,,,,,,,,,,,,,,,,,,,,,,,,,,,,,,,
"327","B655783128","2021-06-28 00:00:00","70",,,,,,,,,,,,,,,,,,,,,,,,,,,,,,,,,,,,,,,,,,,,,,
"328","B656972701","2024-06-07 00:00:00","12",,,,,,,,,,,,,,,,,,,,,,,,,,,,,,,,,,,,,,,,,,,,,,
"329","B657274312","2010-07-31 00:00:00","474",,,,,,,,,,,,,,,,,,,,,,,,,,,,,,,,,,,,,,,,,,,,,,
"330","B659599710","2009-08-29 00:00:00","66",,,,,,,,,,,,,,,,,,,,,,,,,,,,,,,,,,,,,,,,,,,,,,
"331","B660511619","2010-11-06 00:00:00","224",,,,,,,,,,,,,,,,,,,,,,,,,,,,,,,,,,,,,,,,,,,,,,
"332","B662767282","2023-12-01 00:00:00","361",,,,,,,,,,,,,,,,,,,,,,,,,,,,,,,,,,,,,,,,,,,,,,
"333","B663329033","2018-10-27 00:00:00","391",,,,,,,,,,,,,,,,,,,,,,,,,,,,,,,,,,,,,,,,,,,,,,
"334","B664934614","2008-08-18 00:00:00","394",,,,,,,,,,,,,,,,,,,,,,,,,,,,,,,,,,,,,,,,,,,,,,
"335","B667007339","2006-03-13 00:00:00","169",,,,,,,,,,,,,,,,,,,,,,,,,,,,,,,,,,,,,,,,,,,,,,
"336","B669444053","2008-10-28 00:00:00","489",,,,,,,,,,,,,,,,,,,,,,,,,,,,,,,,,,,,,,,,,,,,,,
"337","B672862327","2018-12-06 00:00:00","422",,,,,,,,,,,,,,,,,,,,,,,,,,,,,,,,,,,,,,,,,,,,,,
"338","B674531914","2009-12-03 00:00:00","418",,,,,,,,,,,,,,,,,,,,,,,,,,,,,,,,,,,,,,,,,,,,,,
"339","B679602543","2024-06-06 00:00:00","178",,,,,,,,,,,,,,,,,,,,,,,,,,,,,,,,,,,,,,,,,,,,,,
"340","B683316493","2006-01-13 00:00:00","89",,,,,,,,,,,,,,,,,,,,,,,,,,,,,,,,,,,,,,,,,,,,,,
"341","B687982540","2019-06-24 00:00:00","157",,,,,,,,,,,,,,,,,,,,,,,,,,,,,,,,,,,,,,,,,,,,,,
"342","B690263730","2011-10-26 00:00:00","165",,,,,,,,,,,,,,,,,,,,,,,,,,,,,,,,,,,,,,,,,,,,,,
"343","B690330583","2005-08-27 00:00:00","89",,,,,,,,,,,,,,,,,,,,,,,,,,,,,,,,,,,,,,,,,,,,,,
"344","B693370078","2020-06-10 00:00:00","114",,,,,,,,,,,,,,,,,,,,,,,,,,,,,,,,,,,,,,,,,,,,,,
"345","B694432943","2008-04-04 00:00:00","32",,,,,,,,,,,,,,,,,,,,,,,,,,,,,,,,,,,,,,,,,,,,,,
"346","B694604172","2006-02-07 00:00:00","380",,,,,,,,,,,,,,,,,,,,,,,,,,,,,,,,,,,,,,,,,,,,,,
"347","B696699916","2021-08-28 00:00:00","422",,,,,,,,,,,,,,,,,,,,,,,,,,,,,,,,,,,,,,,,,,,,,,
"348","B697726768","2024-03-15 00:00:00","317",,,,,,,,,,,,,,,,,,,,,,,,,,,,,,,,,,,,,,,,,,,,,,
"349","B698423972","2012-03-14 00:00:00","312",,,,,,,,,,,,,,,,,,,,,,,,,,,,,,,,,,,,,,,,,,,,,,
"350","B699789962","2023-07-08 00:00:00","177",,,,,,,,,,,,,,,,,,,,,,,,,,,,,,,,,,,,,,,,,,,,,,
"351","B702455640","2013-08-24 00:00:00","77",,,,,,,,,,,,,,,,,,,,,,,,,,,,,,,,,,,,,,,,,,,,,,
"352","B712005392","2017-08-31 00:00:00","460",,,,,,,,,,,,,,,,,,,,,,,,,,,,,,,,,,,,,,,,,,,,,,
"353","B712105198","2007-09-17 00:00:00","95",,,,,,,,,,,,,,,,,,,,,,,,,,,,,,,,,,,,,,,,,,,,,,
"354","B712132157","2010-03-13 00:00:00","372",,,,,,,,,,,,,,,,,,,,,,,,,,,,,,,,,,,,,,,,,,,,,,
"355","B716961457","2007-06-14 00:00:00","95",,,,,,,,,,,,,,,,,,,,,,,,,,,,,,,,,,,,,,,,,,,,,,
"356","B717974635","2019-05-06 00:00:00","244",,,,,,,,,,,,,,,,,,,,,,,,,,,,,,,,,,,,,,,,,,,,,,
"357","B718239262","2009-05-13 00:00:00","122",,,,,,,,,,,,,,,,,,,,,,,,,,,,,,,,,,,,,,,,,,,,,,
"358","B718733729","2010-06-01 00:00:00","266",,,,,,,,,,,,,,,,,,,,,,,,,,,,,,,,,,,,,,,,,,,,,,
"359","B722196429","2021-05-31 00:00:00","372",,,,,,,,,,,,,,,,,,,,,,,,,,,,,,,,,,,,,,,,,,,,,,
"20","B032903421","2005-11-24 00:00:00","6",,,,,,,,,,,,,,,,,,,,,,,,,,,,,,,,,,,,,,,,,,,,,,
"21","B033833072","2014-05-08 00:00:00","211",,,,,,,,,,,,,,,,,,,,,,,,,,,,,,,,,,,,,,,,,,,,,,
"22","B035177908","2024-06-10 00:00:00","317",,,,,,,,,,,,,,,,,,,,,,,,,,,,,,,,,,,,,,,,,,,,,,
"23","B037875992","2016-12-01 00:00:00","282",,,,,,,,,,,,,,,,,,,,,,,,,,,,,,,,,,,,,,,,,,,,,,
"24","B040598313","2018-11-23 00:00:00","38",,,,,,,,,,,,,,,,,,,,,,,,,,,,,,,,,,,,,,,,,,,,,,
"25","B041121123","2012-01-05 00:00:00","306",,,,,,,,,,,,,,,,,,,,,,,,,,,,,,,,,,,,,,,,,,,,,,
"26","B044955551","2008-03-27 00:00:00","438",,,,,,,,,,,,,,,,,,,,,,,,,,,,,,,,,,,,,,,,,,,,,,
"27","B046526223","2021-07-10 00:00:00","139",,,,,,,,,,,,,,,,,,,,,,,,,,,,,,,,,,,,,,,,,,,,,,
"28","B047419862","2023-06-01 00:00:00","45",,,,,,,,,,,,,,,,,,,,,,,,,,,,,,,,,,,,,,,,,,,,,,
"29","B054324481","2020-06-18 00:00:00","379",,,,,,,,,,,,,,,,,,,,,,,,,,,,,,,,,,,,,,,,,,,,,,
"30","B055867578","2016-09-18 00:00:00","252",,,,,,,,,,,,,,,,,,,,,,,,,,,,,,,,,,,,,,,,,,,,,,
"31","B056629881","2023-08-01 00:00:00","188",,,,,,,,,,,,,,,,,,,,,,,,,,,,,,,,,,,,,,,,,,,,,,
"32","B057995724","2016-09-29 00:00:00","320",,,,,,,,,,,,,,,,,,,,,,,,,,,,,,,,,,,,,,,,,,,,,,
"33","B061381757","2018-04-16 00:00:00","318",,,,,,,,,,,,,,,,,,,,,,,,,,,,,,,,,,,,,,,,,,,,,,
"34","B063600328","2017-06-15 00:00:00","149",,,,,,,,,,,,,,,,,,,,,,,,,,,,,,,,,,,,,,,,,,,,,,
"35","B071026696","2017-05-09 00:00:00","243",,,,,,,,,,,,,,,,,,,,,,,,,,,,,,,,,,,,,,,,,,,,,,
"36","B072334933","2016-06-14 00:00:00","74",,,,,,,,,,,,,,,,,,,,,,,,,,,,,,,,,,,,,,,,,,,,,,
"37","B074418709","2008-03-23 00:00:00","421",,,,,,,,,,,,,,,,,,,,,,,,,,,,,,,,,,,,,,,,,,,,,,
"38","B079936473","2014-10-21 00:00:00","313",,,,,,,,,,,,,,,,,,,,,,,,,,,,,,,,,,,,,,,,,,,,,,
"360","B722749899","2023-05-24 00:00:00","267",,,,,,,,,,,,,,,,,,,,,,,,,,,,,,,,,,,,,,,,,,,,,,
"361","B723463837","2012-01-26 00:00:00","440",,,,,,,,,,,,,,,,,,,,,,,,,,,,,,,,,,,,,,,,,,,,,,
"362","B725953243","2007-02-21 00:00:00","114",,,,,,,,,,,,,,,,,,,,,,,,,,,,,,,,,,,,,,,,,,,,,,
"363","B727400815","2020-09-14 00:00:00","217",,,,,,,,,,,,,,,,,,,,,,,,,,,,,,,,,,,,,,,,,,,,,,
"364","B728533710","2009-04-06 00:00:00","219",,,,,,,,,,,,,,,,,,,,,,,,,,,,,,,,,,,,,,,,,,,,,,
"365","B729192791","2008-10-05 00:00:00","125",,,,,,,,,,,,,,,,,,,,,,,,,,,,,,,,,,,,,,,,,,,,,,
"366","B730193408","2011-04-15 00:00:00","259",,,,,,,,,,,,,,,,,,,,,,,,,,,,,,,,,,,,,,,,,,,,,,
"367","B731090920","2018-03-15 00:00:00","373",,,,,,,,,,,,,,,,,,,,,,,,,,,,,,,,,,,,,,,,,,,,,,
"368","B736139202","2016-04-27 00:00:00","72",,,,,,,,,,,,,,,,,,,,,,,,,,,,,,,,,,,,,,,,,,,,,,
"369","B736801559","2020-07-05 00:00:00","49",,,,,,,,,,,,,,,,,,,,,,,,,,,,,,,,,,,,,,,,,,,,,,
"370","B736822536","2022-07-02 00:00:00","370",,,,,,,,,,,,,,,,,,,,,,,,,,,,,,,,,,,,,,,,,,,,,,
"371","B738114885","2017-09-10 00:00:00","362",,,,,,,,,,,,,,,,,,,,,,,,,,,,,,,,,,,,,,,,,,,,,,
"372","B739521842","2013-08-05 00:00:00","79",,,,,,,,,,,,,,,,,,,,,,,,,,,,,,,,,,,,,,,,,,,,,,
"373","B741248206","2010-03-09 00:00:00","256",,,,,,,,,,,,,,,,,,,,,,,,,,,,,,,,,,,,,,,,,,,,,,
"374","B741438608","2024-05-06 00:00:00","122",,,,,,,,,,,,,,,,,,,,,,,,,,,,,,,,,,,,,,,,,,,,,,
"375","B744448004","2013-02-27 00:00:00","287",,,,,,,,,,,,,,,,,,,,,,,,,,,,,,,,,,,,,,,,,,,,,,
"376","B745034359","2012-11-04 00:00:00","389",,,,,,,,,,,,,,,,,,,,,,,,,,,,,,,,,,,,,,,,,,,,,,
"377","B747144391","2009-06-14 00:00:00","231",,,,,,,,,,,,,,,,,,,,,,,,,,,,,,,,,,,,,,,,,,,,,,
"378","B748505339","2016-11-07 00:00:00","64",,,,,,,,,,,,,,,,,,,,,,,,,,,,,,,,,,,,,,,,,,,,,,
"379","B757138024","2021-12-03 00:00:00","288",,,,,,,,,,,,,,,,,,,,,,,,,,,,,,,,,,,,,,,,,,,,,,
"380","B760776168","2014-01-18 00:00:00","43",,,,,,,,,,,,,,,,,,,,,,,,,,,,,,,,,,,,,,,,,,,,,,
"381","B764171872","2013-07-15 00:00:00","227",,,,,,,,,,,,,,,,,,,,,,,,,,,,,,,,,,,,,,,,,,,,,,
"382","B764257471","2019-12-17 00:00:00","286",,,,,,,,,,,,,,,,,,,,,,,,,,,,,,,,,,,,,,,,,,,,,,
"383","B765283783","2016-07-07 00:00:00","224",,,,,,,,,,,,,,,,,,,,,,,,,,,,,,,,,,,,,,,,,,,,,,
"384","B765499963","2016-10-09 00:00:00","94",,,,,,,,,,,,,,,,,,,,,,,,,,,,,,,,,,,,,,,,,,,,,,
"385","B766606261","2013-09-12 00:00:00","370",,,,,,,,,,,,,,,,,,,,,,,,,,,,,,,,,,,,,,,,,,,,,,
"386","B769863852","2024-10-29 00:00:00","381",,,,,,,,,,,,,,,,,,,,,,,,,,,,,,,,,,,,,,,,,,,,,,
"387","B771766982","2023-12-22 00:00:00","200",,,,,,,,,,,,,,,,,,,,,,,,,,,,,,,,,,,,,,,,,,,,,,
"388","B772207811","2016-06-16 00:00:00","320",,,,,,,,,,,,,,,,,,,,,,,,,,,,,,,,,,,,,,,,,,,,,,
"389","B773217609","2005-07-24 00:00:00","14",,,,,,,,,,,,,,,,,,,,,,,,,,,,,,,,,,,,,,,,,,,,,,
"390","B778463895","2009-07-22 00:00:00","439",,,,,,,,,,,,,,,,,,,,,,,,,,,,,,,,,,,,,,,,,,,,,,
"391","B779594372","2021-06-22 00:00:00","185",,,,,,,,,,,,,,,,,,,,,,,,,,,,,,,,,,,,,,,,,,,,,,
"392","B782572178","2014-08-31 00:00:00","327",,,,,,,,,,,,,,,,,,,,,,,,,,,,,,,,,,,,,,,,,,,,,,
"1","B005338269","2011-11-10 00:00:00","330",,,,,,,,,,,,,,,,,,,,,,,,,,,,,,,,,,,,,,,,,,,,,,
"2","B005490010","2005-10-28 00:00:00","343",,,,,,,,,,,,,,,,,,,,,,,,,,,,,,,,,,,,,,,,,,,,,,
"3","B006538403","2018-02-02 00:00:00","410",,,,,,,,,,,,,,,,,,,,,,,,,,,,,,,,,,,,,,,,,,,,,,
"4","B006869497","2023-07-30 00:00:00","418",,,,,,,,,,,,,,,,,,,,,,,,,,,,,,,,,,,,,,,,,,,,,,
"5","B008207162","2005-01-28 00:00:00","80",,,,,,,,,,,,,,,,,,,,,,,,,,,,,,,,,,,,,,,,,,,,,,
"6","B008790790","2017-11-27 00:00:00","92",,,,,,,,,,,,,,,,,,,,,,,,,,,,,,,,,,,,,,,,,,,,,,
"7","B010484674","2024-01-27 00:00:00","151",,,,,,,,,,,,,,,,,,,,,,,,,,,,,,,,,,,,,,,,,,,,,,
"8","B013523520","2019-10-24 00:00:00","380",,,,,,,,,,,,,,,,,,,,,,,,,,,,,,,,,,,,,,,,,,,,,,
"9","B013768502","2021-11-26 00:00:00","148",,,,,,,,,,,,,,,,,,,,,,,,,,,,,,,,,,,,,,,,,,,,,,
"10","B014347398","2018-11-13 00:00:00","325",,,,,,,,,,,,,,,,,,,,,,,,,,,,,,,,,,,,,,,,,,,,,,
"11","B018631885","2007-08-28 00:00:00","121",,,,,,,,,,,,,,,,,,,,,,,,,,,,,,,,,,,,,,,,,,,,,,
"12","B019719100","2024-10-04 00:00:00","466",,,,,,,,,,,,,,,,,,,,,,,,,,,,,,,,,,,,,,,,,,,,,,
"13","B022943489","2022-09-27 00:00:00","337",,,,,,,,,,,,,,,,,,,,,,,,,,,,,,,,,,,,,,,,,,,,,,
"14","B023875386","2006-11-19 00:00:00","84",,,,,,,,,,,,,,,,,,,,,,,,,,,,,,,,,,,,,,,,,,,,,,
"15","B025968999","2021-02-08 00:00:00","347",,,,,,,,,,,,,,,,,,,,,,,,,,,,,,,,,,,,,,,,,,,,,,
"16","B027119602","2015-05-31 00:00:00","454",,,,,,,,,,,,,,,,,,,,,,,,,,,,,,,,,,,,,,,,,,,,,,
"17","B027758608","2022-12-18 00:00:00","22",,,,,,,,,,,,,,,,,,,,,,,,,,,,,,,,,,,,,,,,,,,,,,
"18","B030589966","2009-07-28 00:00:00","12",,,,,,,,,,,,,,,,,,,,,,,,,,,,,,,,,,,,,,,,,,,,,,
"19","B030835076","2022-08-20 00:00:00","221",,,,,,,,,,,,,,,,,,,,,,,,,,,,,,,,,,,,,,,,,,,,,,
"393","B783541364","2016-04-14 00:00:00","77",,,,,,,,,,,,,,,,,,,,,,,,,,,,,,,,,,,,,,,,,,,,,,
"394","B787638807","2018-02-02 00:00:00","500",,,,,,,,,,,,,,,,,,,,,,,,,,,,,,,,,,,,,,,,,,,,,,
"395","B788538966","2023-12-13 00:00:00","127",,,,,,,,,,,,,,,,,,,,,,,,,,,,,,,,,,,,,,,,,,,,,,
"396","B788992055","2016-10-28 00:00:00","294",,,,,,,,,,,,,,,,,,,,,,,,,,,,,,,,,,,,,,,,,,,,,,
"397","B789716346","2023-03-29 00:00:00","102",,,,,,,,,,,,,,,,,,,,,,,,,,,,,,,,,,,,,,,,,,,,,,
"398","B790177848","2014-04-20 00:00:00","301",,,,,,,,,,,,,,,,,,,,,,,,,,,,,,,,,,,,,,,,,,,,,,
"399","B793606769","2022-11-02 00:00:00","16",,,,,,,,,,,,,,,,,,,,,,,,,,,,,,,,,,,,,,,,,,,,,,
"400","B797818391","2011-11-25 00:00:00","454",,,,,,,,,,,,,,,,,,,,,,,,,,,,,,,,,,,,,,,,,,,,,,
"401","B798582069","2019-03-11 00:00:00","412",,,,,,,,,,,,,,,,,,,,,,,,,,,,,,,,,,,,,,,,,,,,,,
"402","B802451778","2018-05-11 00:00:00","419",,,,,,,,,,,,,,,,,,,,,,,,,,,,,,,,,,,,,,,,,,,,,,
"403","B804291156","2019-06-06 00:00:00","179",,,,,,,,,,,,,,,,,,,,,,,,,,,,,,,,,,,,,,,,,,,,,,
"404","B807971038","2021-08-17 00:00:00","341",,,,,,,,,,,,,,,,,,,,,,,,,,,,,,,,,,,,,,,,,,,,,,
"405","B810213133","2011-03-05 00:00:00","443",,,,,,,,,,,,,,,,,,,,,,,,,,,,,,,,,,,,,,,,,,,,,,
"406","B812414391","2022-01-22 00:00:00","350",,,,,,,,,,,,,,,,,,,,,,,,,,,,,,,,,,,,,,,,,,,,,,
"407","B816617334","2023-08-12 00:00:00","175",,,,,,,,,,,,,,,,,,,,,,,,,,,,,,,,,,,,,,,,,,,,,,
"408","B818292492","2007-03-24 00:00:00","41",,,,,,,,,,,,,,,,,,,,,,,,,,,,,,,,,,,,,,,,,,,,,,
"409","B819464348","2010-10-31 00:00:00","188",,,,,,,,,,,,,,,,,,,,,,,,,,,,,,,,,,,,,,,,,,,,,,
"410","B823873024","2007-08-17 00:00:00","222",,,,,,,,,,,,,,,,,,,,,,,,,,,,,,,,,,,,,,,,,,,,,,
"411","B825454545","2020-09-24 00:00:00","421",,,,,,,,,,,,,,,,,,,,,,,,,,,,,,,,,,,,,,,,,,,,,,
"412","B826011215","2011-10-22 00:00:00","447",,,,,,,,,,,,,,,,,,,,,,,,,,,,,,,,,,,,,,,,,,,,,,
"413","B827903171","2005-09-05 00:00:00","62",,,,,,,,,,,,,,,,,,,,,,,,,,,,,,,,,,,,,,,,,,,,,,
"414","B830206501","2008-04-16 00:00:00","342",,,,,,,,,,,,,,,,,,,,,,,,,,,,,,,,,,,,,,,,,,,,,,
"415","B833226037","2018-06-23 00:00:00","398",,,,,,,,,,,,,,,,,,,,,,,,,,,,,,,,,,,,,,,,,,,,,,
"416","B833727489","2015-06-15 00:00:00","70",,,,,,,,,,,,,,,,,,,,,,,,,,,,,,,,,,,,,,,,,,,,,,
"417","B835394733","2011-03-31 00:00:00","469",,,,,,,,,,,,,,,,,,,,,,,,,,,,,,,,,,,,,,,,,,,,,,
"418","B836637359","2015-10-03 00:00:00","275",,,,,,,,,,,,,,,,,,,,,,,,,,,,,,,,,,,,,,,,,,,,,,
"419","B836946585","2019-06-19 00:00:00","116",,,,,,,,,,,,,,,,,,,,,,,,,,,,,,,,,,,,,,,,,,,,,,
"420","B839571568","2016-11-01 00:00:00","470",,,,,,,,,,,,,,,,,,,,,,,,,,,,,,,,,,,,,,,,,,,,,,
"421","B841965732","2010-03-25 00:00:00","162",,,,,,,,,,,,,,,,,,,,,,,,,,,,,,,,,,,,,,,,,,,,,,
"422","B844453273","2012-06-22 00:00:00","109",,,,,,,,,,,,,,,,,,,,,,,,,,,,,,,,,,,,,,,,,,,,,,
"423","B848118002","2019-06-23 00:00:00","415",,,,,,,,,,,,,,,,,,,,,,,,,,,,,,,,,,,,,,,,,,,,,,
"424","B850125633","2011-04-29 00:00:00","290",,,,,,,,,,,,,,,,,,,,,,,,,,,,,,,,,,,,,,,,,,,,,,
"425","B850309994","2018-03-05 00:00:00","428",,,,,,,,,,,,,,,,,,,,,,,,,,,,,,,,,,,,,,,,,,,,,,
"426","B853083843","2021-10-01 00:00:00","393",,,,,,,,,,,,,,,,,,,,,,,,,,,,,,,,,,,,,,,,,,,,,,
"427","B853789680","2008-06-10 00:00:00","383",,,,,,,,,,,,,,,,,,,,,,,,,,,,,,,,,,,,,,,,,,,,,,
"428","B853939030","2024-04-09 00:00:00","32",,,,,,,,,,,,,,,,,,,,,,,,,,,,,,,,,,,,,,,,,,,,,,
"429","B854253369","2021-11-15 00:00:00","412",,,,,,,,,,,,,,,,,,,,,,,,,,,,,,,,,,,,,,,,,,,,,,
"430","B854295800","2011-04-12 00:00:00","251",,,,,,,,,,,,,,,,,,,,,,,,,,,,,,,,,,,,,,,,,,,,,,
"431","B855994153","2014-06-13 00:00:00","439",,,,,,,,,,,,,,,,,,,,,,,,,,,,,,,,,,,,,,,,,,,,,,
"432","B860990212","2023-12-14 00:00:00","63",,,,,,,,,,,,,,,,,,,,,,,,,,,,,,,,,,,,,,,,,,,,,,
"433","B862079402","2021-08-03 00:00:00","458",,,,,,,,,,,,,,,,,,,,,,,,,,,,,,,,,,,,,,,,,,,,,,
"434","B863275248","2020-07-06 00:00:00","96",,,,,,,,,,,,,,,,,,,,,,,,,,,,,,,,,,,,,,,,,,,,,,
"435","B864297978","2020-09-16 00:00:00","396",,,,,,,,,,,,,,,,,,,,,,,,,,,,,,,,,,,,,,,,,,,,,,
"436","B866244035","2016-06-04 00:00:00","155",,,,,,,,,,,,,,,,,,,,,,,,,,,,,,,,,,,,,,,,,,,,,,
"437","B867107494","2021-09-01 00:00:00","323",,,,,,,,,,,,,,,,,,,,,,,,,,,,,,,,,,,,,,,,,,,,,,
"438","B867643091","2012-09-29 00:00:00","166",,,,,,,,,,,,,,,,,,,,,,,,,,,,,,,,,,,,,,,,,,,,,,
"439","B867670269","2016-02-24 00:00:00","429",,,,,,,,,,,,,,,,,,,,,,,,,,,,,,,,,,,,,,,,,,,,,,
"440","B870003914","2010-08-17 00:00:00","455",,,,,,,,,,,,,,,,,,,,,,,,,,,,,,,,,,,,,,,,,,,,,,
"441","B871053394","2011-06-26 00:00:00","160",,,,,,,,,,,,,,,,,,,,,,,,,,,,,,,,,,,,,,,,,,,,,,
"442","B871185404","2005-02-13 00:00:00","427",,,,,,,,,,,,,,,,,,,,,,,,,,,,,,,,,,,,,,,,,,,,,,
"443","B871962874","2006-06-16 00:00:00","17",,,,,,,,,,,,,,,,,,,,,,,,,,,,,,,,,,,,,,,,,,,,,,
"444","B873306350","2014-02-12 00:00:00","499",,,,,,,,,,,,,,,,,,,,,,,,,,,,,,,,,,,,,,,,,,,,,,
"445","B873965644","2021-12-27 00:00:00","407",,,,,,,,,,,,,,,,,,,,,,,,,,,,,,,,,,,,,,,,,,,,,,
"446","B877891415","2023-12-22 00:00:00","123",,,,,,,,,,,,,,,,,,,,,,,,,,,,,,,,,,,,,,,,,,,,,,
"447","B878911590","2008-01-04 00:00:00","351",,,,,,,,,,,,,,,,,,,,,,,,,,,,,,,,,,,,,,,,,,,,,,
"448","B880300821","2021-09-05 00:00:00","362",,,,,,,,,,,,,,,,,,,,,,,,,,,,,,,,,,,,,,,,,,,,,,
"449","B881688239","2022-03-15 00:00:00","212",,,,,,,,,,,,,,,,,,,,,,,,,,,,,,,,,,,,,,,,,,,,,,
"450","B884037618","2023-03-16 00:00:00","34",,,,,,,,,,,,,,,,,,,,,,,,,,,,,,,,,,,,,,,,,,,,,,
"451","B884209010","2007-01-03 00:00:00","247",,,,,,,,,,,,,,,,,,,,,,,,,,,,,,,,,,,,,,,,,,,,,,
"452","B885067278","2020-02-12 00:00:00","405",,,,,,,,,,,,,,,,,,,,,,,,,,,,,,,,,,,,,,,,,,,,,,
"453","B888026241","2018-01-26 00:00:00","188",,,,,,,,,,,,,,,,,,,,,,,,,,,,,,,,,,,,,,,,,,,,,,
"454","B897599918","2023-06-22 00:00:00","232",,,,,,,,,,,,,,,,,,,,,,,,,,,,,,,,,,,,,,,,,,,,,,
"455","B902927904","2011-12-03 00:00:00","409",,,,,,,,,,,,,,,,,,,,,,,,,,,,,,,,,,,,,,,,,,,,,,
"456","B907162997","2010-01-20 00:00:00","322",,,,,,,,,,,,,,,,,,,,,,,,,,,,,,,,,,,,,,,,,,,,,,
"457","B909195443","2022-09-02 00:00:00","104",,,,,,,,,,,,,,,,,,,,,,,,,,,,,,,,,,,,,,,,,,,,,,
"458","B912308407","2022-02-25 00:00:00","282",,,,,,,,,,,,,,,,,,,,,,,,,,,,,,,,,,,,,,,,,,,,,,
"459","B914051762","2007-09-09 00:00:00","204",,,,,,,,,,,,,,,,,,,,,,,,,,,,,,,,,,,,,,,,,,,,,,
"460","B915576150","2022-09-29 00:00:00","415",,,,,,,,,,,,,,,,,,,,,,,,,,,,,,,,,,,,,,,,,,,,,,
"461","B915971438","2009-10-30 00:00:00","191",,,,,,,,,,,,,,,,,,,,,,,,,,,,,,,,,,,,,,,,,,,,,,
"462","B917369436","2007-06-23 00:00:00","80",,,,,,,,,,,,,,,,,,,,,,,,,,,,,,,,,,,,,,,,,,,,,,
"463","B918766146","2008-10-28 00:00:00","160",,,,,,,,,,,,,,,,,,,,,,,,,,,,,,,,,,,,,,,,,,,,,,
"464","B922839547","2012-08-04 00:00:00","498",,,,,,,,,,,,,,,,,,,,,,,,,,,,,,,,,,,,,,,,,,,,,,
"465","B930841010","2024-06-12 00:00:00","171",,,,,,,,,,,,,,,,,,,,,,,,,,,,,,,,,,,,,,,,,,,,,,
"466","B931675811","2015-01-20 00:00:00","168",,,,,,,,,,,,,,,,,,,,,,,,,,,,,,,,,,,,,,,,,,,,,,
"467","B933062876","2019-06-22 00:00:00","79",,,,,,,,,,,,,,,,,,,,,,,,,,,,,,,,,,,,,,,,,,,,,,
"468","B933468575","2022-02-11 00:00:00","33",,,,,,,,,,,,,,,,,,,,,,,,,,,,,,,,,,,,,,,,,,,,,,
"469","B938142688","2021-02-01 00:00:00","444",,,,,,,,,,,,,,,,,,,,,,,,,,,,,,,,,,,,,,,,,,,,,,
"470","B939626171","2023-12-31 00:00:00","137",,,,,,,,,,,,,,,,,,,,,,,,,,,,,,,,,,,,,,,,,,,,,,
"471","B940211915","2018-08-21 00:00:00","25",,,,,,,,,,,,,,,,,,,,,,,,,,,,,,,,,,,,,,,,,,,,,,
"472","B940686594","2005-11-06 00:00:00","374",,,,,,,,,,,,,,,,,,,,,,,,,,,,,,,,,,,,,,,,,,,,,,
"473","B943420491","2023-03-31 00:00:00","194",,,,,,,,,,,,,,,,,,,,,,,,,,,,,,,,,,,,,,,,,,,,,,
"474","B944528857","2023-12-07 00:00:00","385",,,,,,,,,,,,,,,,,,,,,,,,,,,,,,,,,,,,,,,,,,,,,,
"475","B944852659","2016-08-10 00:00:00","483",,,,,,,,,,,,,,,,,,,,,,,,,,,,,,,,,,,,,,,,,,,,,,
"476","B945078014","2020-08-12 00:00:00","156",,,,,,,,,,,,,,,,,,,,,,,,,,,,,,,,,,,,,,,,,,,,,,
"477","B945454067","2012-12-03 00:00:00","319",,,,,,,,,,,,,,,,,,,,,,,,,,,,,,,,,,,,,,,,,,,,,,
"478","B946504820","2009-07-11 00:00:00","444",,,,,,,,,,,,,,,,,,,,,,,,,,,,,,,,,,,,,,,,,,,,,,
"479","B953873448","2013-06-20 00:00:00","8",,,,,,,,,,,,,,,,,,,,,,,,,,,,,,,,,,,,,,,,,,,,,,
"480","B953888758","2022-03-28 00:00:00","273",,,,,,,,,,,,,,,,,,,,,,,,,,,,,,,,,,,,,,,,,,,,,,
"481","B956284455","2009-12-07 00:00:00","404",,,,,,,,,,,,,,,,,,,,,,,,,,,,,,,,,,,,,,,,,,,,,,
"482","B956946727","2010-02-12 00:00:00","11",,,,,,,,,,,,,,,,,,,,,,,,,,,,,,,,,,,,,,,,,,,,,,
"483","B959389278","2021-03-12 00:00:00","418",,,,,,,,,,,,,,,,,,,,,,,,,,,,,,,,,,,,,,,,,,,,,,
"484","B960944784","2015-06-18 00:00:00","213",,,,,,,,,,,,,,,,,,,,,,,,,,,,,,,,,,,,,,,,,,,,,,
"485","B964754876","2021-05-17 00:00:00","91",,,,,,,,,,,,,,,,,,,,,,,,,,,,,,,,,,,,,,,,,,,,,,
"486","B973329795","2009-01-06 00:00:00","36",,,,,,,,,,,,,,,,,,,,,,,,,,,,,,,,,,,,,,,,,,,,,,
"487","B977442355","2006-08-09 00:00:00","42",,,,,,,,,,,,,,,,,,,,,,,,,,,,,,,,,,,,,,,,,,,,,,
"488","B980322531","2015-12-12 00:00:00","232",,,,,,,,,,,,,,,,,,,,,,,,,,,,,,,,,,,,,,,,,,,,,,
"489","B983692906","2008-08-31 00:00:00","387",,,,,,,,,,,,,,,,,,,,,,,,,,,,,,,,,,,,,,,,,,,,,,
"490","B985223136","2023-05-01 00:00:00","486",,,,,,,,,,,,,,,,,,,,,,,,,,,,,,,,,,,,,,,,,,,,,,
"491","B986728656","2012-09-18 00:00:00","199",,,,,,,,,,,,,,,,,,,,,,,,,,,,,,,,,,,,,,,,,,,,,,
"492","B987672284","2021-02-26 00:00:00","222",,,,,,,,,,,,,,,,,,,,,,,,,,,,,,,,,,,,,,,,,,,,,,
"493","B988501994","2011-12-10 00:00:00","269",,,,,,,,,,,,,,,,,,,,,,,,,,,,,,,,,,,,,,,,,,,,,,
"494","B988671697","2007-02-24 00:00:00","446",,,,,,,,,,,,,,,,,,,,,,,,,,,,,,,,,,,,,,,,,,,,,,
"495","B990742811","2019-08-29 00:00:00","20",,,,,,,,,,,,,,,,,,,,,,,,,,,,,,,,,,,,,,,,,,,,,,
"496","B991058209","2020-02-23 00:00:00","67",,,,,,,,,,,,,,,,,,,,,,,,,,,,,,,,,,,,,,,,,,,,,,
"497","B991435319","2019-10-26 00:00:00","210",,,,,,,,,,,,,,,,,,,,,,,,,,,,,,,,,,,,,,,,,,,,,,
"498","B998518256","2014-02-18 00:00:00","272",,,,,,,,,,,,,,,,,,,,,,,,,,,,,,,,,,,,,,,,,,,,,,
"499","B999151517","2012-10-15 00:00:00","433",,,,,,,,,,,,,,,,,,,,,,,,,,,,,,,,,,,,,,,,,,,,,,
"500","B999815909","2010-08-19 00:00:00","170",,,,,,,,,,,,,,,,,,,,,,,,,,,,,,,,,,,,,,,,,,,,,,