"id","refjobno","tcode","fault","workdone","repairdate","timetakenh","timetakenm","nooftrademen","entryclk","critical","scheduled"
,"39",,"828",,,,,,,"1",
,"39",,"359",,,,,,,"0",
,"39",,"1590",,,,,,,"0",
,"40",,"1692",,,,,,,"0",
,"40",,"1200",,,,,,,"0",
,"40",,"492",,,,,,,"0",
,"40",,"1118",,,,,,,"0",
,"41",,"172",,,,,,,"0",
,"41",,"271",,,,,,,"0",
,"41",,"1695",,,,,,,"0",
,"41",,"702",,,,,,,"1",
,"41",,"1252",,,,,,,"1",
,"42",,"154",,,,,,,"0",
,"42",,"850",,,,,,,"1",
,"42",,"1207",,,,,,,"1",
,"42",,"791",,,,,,,"1",
,"42",,"855",,,,,,,"0",
,"43",,"1539",,,,,,,"0",
,"43",,"382",,,,,,,"0",
,"43",,"336",,,,,,,"0",
,"43",,"29",,,,,,,"0",
,"43",,"135",,,,,,,"1",
,"44",,"878",,,,,,,"0",
,"44",,"1583",,,,,,,"1",
,"45",,"376",,,,,,,"1",
,"45",,"1252",,,,,,,"1",
,"45",,"1157",,,,,,,"0",
,"45",,"538",,,,,,,"0",
,"45",,"1375",,,,,,,"1",
,"46",,"833",,,,,,,"0",
,"46",,"1089",,,,,,,"0",
,"46",,"1017",,,,,,,"0",
,"46",,"1421",,,,,,,"0",
,"47",,"1075",,,,,,,"1",
,"47",,"736",,,,,,,"1",
,"47",,"799",,,,,,,"0",
,"47",,"939",,,,,,,"0",
,"48",,"528",,,,,,,"1",
,"48",,"78",,,,,,,"0",
,"48",,"4",,,,,,,"1",
,"49",,"1149",,,,,,,"1",
,"50",,"1596",,,,,,,"1",
,"50",,"254",,,,,,,"0",
,"50",,"1192",,,,,,,"1",
,"50",,"1348",,,,,,,"0",
,"50",,"303",,,,,,,"1",
,"51",,"71",,,,,,,"1",
,"51",,"1272",,,,,,,"1",
,"51",,"1688",,,,,,,"1",
,"51",,"1342",,,,,,,"1",
,"52",,"323",,,,,,,"1",
,"52",,"490",,,,,,,"0",
,"53",,"878",,,,,,,"1",
,"53",,"193",,,,,,,"1",
,"53",,"1316",,,,,,,"1",
,"53",,"828",,,,,,,"1",
,"54",,"1217",,,,,,,"1",
,"54",,"358",,,,,,,"0",
,"54",,"72",,,,,,,"0",
,"54",,"133",,,,,,,"0",
,"54",,"383",,,,,,,"1",
,"55",,"150",,,,,,,"0",
,"55",,"1374",,,,,,,"1",
,"55",,"1447",,,,,,,"0",
,"56",,"1527",,,,,,,"1",
,"57",,"1208",,,,,,,"0",
,"57",,"1455",,,,,,,"0",
,"57",,"1687",,,,,,,"1",
,"57",,"1072",,,,,,,"0",
,"58",,"363",,,,,,,"1",
,"58",,"1578",,,,,,,"1",
,"58",,"929",,,,,,,"1",
,"58",,"818",,,,,,,"1",
,"59",,"948",,,,,,,"0",
,"59",,"1563",,,,,,,"1",
,"59",,"778",,,,,,,"1",
,"59",,"765",,,,,,,"0",
,"59",,"337",,,,,,,"0",
,"60",,"697",,,,,,,"0",
,"61",,"1039",,,,,,,"0",
,"61",,"698",,,,,,,"0",
,"61",,"1454",,,,,,,"1",
,"62",,"373",,,,,,,"0",
,"62",,"299",,,,,,,"0",
,"62",,"1191",,,,,,,"0",
,"62",,"619",,,,,,,"0",
,"63",,"662",,,,,,,"0",
,"63",,"488",,,,,,,"1",
,"63",,"596",,,,,,,"0",
,"64",,"944",,,,,,,"0",
,"64",,"1231",,,,,,,"1",
,"64",,"1513",,,,,,,"1",
,"65",,"1450",,,,,,,"1",
,"66",,"960",,,,,,,"1",
,"66",,"245",,,,,,,"1",
,"66",,"1599",,,,,,,"1",
,"66",,"1657",,,,,,,"1",
,"66",,"669",,,,,,,"0",
,"67",,"1679",,,,,,,"1",
,"67",,"1477",,,,,,,"1",
,"67",,"1080",,,,,,,"1",
,"67",,"648",,,,,,,"1",
,"68",,"1144",,,,,,,"0",
,"68",,"625",,,,,,,"1",
,"69",,"330",,,,,,,"0",
,"70",,"1183",,,,,,,"1",
,"70",,"359",,,,,,,"0",
,"71",,"1569",,,,,,,"1",
,"71",,"226",,,,,,,"0",
,"71",,"738",,,,,,,"1",
,"72",,"1375",,,,,,,"0",
,"72",,"188",,,,,,,"1",
,"73",,"462",,,,,,,"1",
,"73",,"976",,,,,,,"1",
,"73",,"1453",,,,,,,"0",
,"74",,"1330",,,,,,,"0",
,"75",,"460",,,,,,,"1",
,"75",,"1029",,,,,,,"0",
,"75",,"1466",,,,,,,"0",
,"75",,"1245",,,,,,,"1",
,"75",,"188",,,,,,,"0",
,"76",,"1294",,,,,,,"1",
,"76",,"1013",,,,,,,"1",
,"76",,"1245",,,,,,,"0",
,"76",,"1252",,,,,,,"0",
,"77",,"287",,,,,,,"0",
,"77",,"66",,,,,,,"1",
,"77",,"1118",,,,,,,"1",
,"77",,"1431",,,,,,,"1",
,"78",,"771",,,,,,,"1",
,"78",,"273",,,,,,,"0",
,"78",,"1047",,,,,,,"1",
,"78",,"768",,,,,,,"0",
,"79",,"1080",,,,,,,"0",
,"79",,"359",,,,,,,"0",
,"79",,"1304",,,,,,,"1",
,"79",,"6",,,,,,,"0",
,"80",,"1135",,,,,,,"1",
,"80",,"235",,,,,,,"0",
,"80",,"1600",,,,,,,"0",
,"80",,"1564",,,,,,,"0",
,"80",,"1065",,,,,,,"0",
,"81",,"1375",,,,,,,"0",
,"81",,"96",,,,,,,"0",
,"82",,"1506",,,,,,,"1",
,"83",,"1528",,,,,,,"1",
,"83",,"869",,,,,,,"0",
,"83",,"585",,,,,,,"0",
,"83",,"1428",,,,,,,"1",
,"83",,"1666",,,,,,,"0",
,"84",,"372",,,,,,,"0",
,"84",,"436",,,,,,,"1",
,"84",,"598",,,,,,,"1",
,"84",,"67",,,,,,,"1",
,"85",,"1247",,,,,,,"1",
,"85",,"1266",,,,,,,"1",
,"85",,"1611",,,,,,,"1",
,"85",,"1027",,,,,,,"1",
,"85",,"1246",,,,,,,"0",
,"86",,"981",,,,,,,"1",
,"87",,"1427",,,,,,,"0",
,"87",,"1206",,,,,,,"0",
,"88",,"474",,,,,,,"0",
,"88",,"943",,,,,,,"1",
,"88",,"339",,,,,,,"0",
,"89",,"511",,,,,,,"1",
,"89",,"315",,,,,,,"1",
,"90",,"394",,,,,,,"1",
,"90",,"810",,,,,,,"0",
,"90",,"985",,,,,,,"1",
,"90",,"1082",,,,,,,"0",
,"91",,"854",,,,,,,"1",
,"91",,"1605",,,,,,,"1",
,"92",,"968",,,,,,,"1",
,"92",,"1270",,,,,,,"1",
,"93",,"22",,,,,,,"0",
,"93",,"745",,,,,,,"0",
,"93",,"1192",,,,,,,"1",
,"94",,"32",,,,,,,"0",
,"94",,"465",,,,,,,"1",
,"94",,"353",,,,,,,"1",
,"94",,"1036",,,,,,,"1",
,"95",,"1539",,,,,,,"1",
,"95",,"521",,,,,,,"1",
,"96",,"1346",,,,,,,"1",
,"97",,"1548",,,,,,,"0",
,"98",,"403",,,,,,,"1",
,"99",,"1380",,,,,,,"0",
,"99",,"336",,,,,,,"1",
,"99",,"1139",,,,,,,"1",
,"99",,"757",,,,,,,"1",
,"99",,"524",,,,,,,"0",
,"100",,"1077",,,,,,,"1",
,"100",,"1449",,,,,,,"1",
,"101",,"1485",,,,,,,"1",
,"101",,"1646",,,,,,,"0",
,"102",,"1495",,,,,,,"0",
,"102",,"1147",,,,,,,"1",
,"102",,"351",,,,,,,"1",
,"102",,"61",,,,,,,"0",
,"102",,"1541",,,,,,,"0",
,"103",,"974",,,,,,,"0",
,"103",,"756",,,,,,,"1",
,"103",,"1078",,,,,,,"1",
,"104",,"1413",,,,,,,"1",
,"104",,"713",,,,,,,"0",
,"104",,"1596",,,,,,,"0",
,"104",,"509",,,,,,,"0",
,"104",,"1110",,,,,,,"0",
,"105",,"1166",,,,,,,"0",
,"106",,"992",,,,,,,"0",
,"106",,"736",,,,,,,"0",
,"106",,"1570",,,,,,,"1",
,"107",,"1228",,,,,,,"1",
,"107",,"93",,,,,,,"1",
,"108",,"71",,,,,,,"0",
,"108",,"1397",,,,,,,"0",
,"108",,"678",,,,,,,"1",
,"108",,"329",,,,,,,"0",
,"109",,"223",,,,,,,"1",
,"109",,"263",,,,,,,"0",
,"109",,"165",,,,,,,"1",
,"110",,"1501",,,,,,,"0",
,"110",,"1375",,,,,,,"0",
,"110",,"978",,,,,,,"0",
,"110",,"175",,,,,,,"0",
,"110",,"816",,,,,,,"1",
,"111",,"501",,,,,,,"0",
,"111",,"1110",,,,,,,"0",
,"111",,"872",,,,,,,"0",
,"111",,"279",,,,,,,"0",
,"111",,"166",,,,,,,"0",
,"112",,"172",,,,,,,"0",
,"113",,"793",,,,,,,"0",
,"113",,"275",,,,,,,"1",
,"113",,"1392",,,,,,,"1",
,"113",,"676",,,,,,,"0",
,"113",,"1143",,,,,,,"1",
,"114",,"358",,,,,,,"0",
,"115",,"1061",,,,,,,"1",
,"115",,"1609",,,,,,,"1",
,"116",,"931",,,,,,,"1",
,"116",,"651",,,,,,,"1",
,"116",,"30",,,,,,,"0",
,"117",,"481",,,,,,,"1",
,"117",,"1240",,,,,,,"0",
,"117",,"558",,,,,,,"1",
,"117",,"929",,,,,,,"0",
,"117",,"305",,,,,,,"1",
,"118",,"818",,,,,,,"1",
,"119",,"728",,,,,,,"1",
,"119",,"784",,,,,,,"0",
,"120",,"1284",,,,,,,"0",
,"120",,"885",,,,,,,"0",
,"120",,"37",,,,,,,"0",
,"120",,"1055",,,,,,,"0",
,"121",,"707",,,,,,,"0",
,"121",,"1521",,,,,,,"1",
,"121",,"1438",,,,,,,"0",
,"122",,"477",,,,,,,"1",
,"122",,"1424",,,,,,,"1",
,"122",,"1496",,,,,,,"1",
,"122",,"140",,,,,,,"1",
,"123",,"774",,,,,,,"1",
,"124",,"335",,,,,,,"0",
,"124",,"651",,,,,,,"0",
,"124",,"615",,,,,,,"0",
,"124",,"481",,,,,,,"0",
,"124",,"99",,,,,,,"0",
,"125",,"198",,,,,,,"1",
,"126",,"1276",,,,,,,"1",
,"126",,"1508",,,,,,,"0",
,"126",,"531",,,,,,,"1",
,"126",,"1681",,,,,,,"1",
,"127",,"1422",,,,,,,"1",
,"128",,"1589",,,,,,,"0",
,"128",,"443",,,,,,,"0",
,"128",,"1653",,,,,,,"0",
,"128",,"1548",,,,,,,"1",
,"129",,"51",,,,,,,"0",
,"129",,"1455",,,,,,,"1",
,"129",,"871",,,,,,,"0",
,"130",,"334",,,,,,,"0",
,"130",,"890",,,,,,,"1",
,"130",,"188",,,,,,,"0",
,"130",,"169",,,,,,,"0",
,"131",,"1644",,,,,,,"0",
,"131",,"1131",,,,,,,"0",
,"131",,"1291",,,,,,,"0",
,"131",,"1501",,,,,,,"1",
,"131",,"842",,,,,,,"1",
,"132",,"808",,,,,,,"1",
,"132",,"1245",,,,,,,"0",
,"132",,"284",,,,,,,"1",
,"132",,"1135",,,,,,,"1",
,"133",,"1262",,,,,,,"0",
,"133",,"656",,,,,,,"0",
,"133",,"205",,,,,,,"1",
,"134",,"720",,,,,,,"0",
,"134",,"267",,,,,,,"1",
,"135",,"485",,,,,,,"1",
,"135",,"1614",,,,,,,"1",
,"135",,"1006",,,,,,,"1",
,"135",,"443",,,,,,,"1",
,"135",,"705",,,,,,,"1",
,"136",,"1388",,,,,,,"1",
,"136",,"1693",,,,,,,"0",
,"137",,"1229",,,,,,,"1",
,"137",,"302",,,,,,,"0",
,"137",,"519",,,,,,,"1",
,"137",,"1685",,,,,,,"1",
,"138",,"1352",,,,,,,"1",
,"138",,"60",,,,,,,"0",
,"138",,"1212",,,,,,,"1",
,"138",,"290",,,,,,,"1",
,"138",,"472",,,,,,,"0",
,"139",,"1323",,,,,,,"1",
,"140",,"436",,,,,,,"1",
,"141",,"162",,,,,,,"1",
,"141",,"677",,,,,,,"0",
,"141",,"1495",,,,,,,"1",
,"141",,"1322",,,,,,,"0",
,"141",,"36",,,,,,,"0",
,"142",,"1382",,,,,,,"0",
,"142",,"1643",,,,,,,"1",
,"142",,"332",,,,,,,"1",
,"143",,"1159",,,,,,,"0",
,"143",,"99",,,,,,,"0",
,"143",,"982",,,,,,,"1",
,"143",,"27",,,,,,,"1",
,"144",,"487",,,,,,,"1",
,"144",,"1448",,,,,,,"0",
,"144",,"1578",,,,,,,"1",
,"145",,"1153",,,,,,,"1",
,"145",,"1026",,,,,,,"0",
,"145",,"1101",,,,,,,"0",
,"145",,"1256",,,,,,,"0",
,"146",,"317",,,,,,,"0",
,"147",,"1148",,,,,,,"0",
,"147",,"1485",,,,,,,"1",
,"147",,"938",,,,,,,"0",
,"147",,"803",,,,,,,"1",
,"147",,"1540",,,,,,,"0",
,"148",,"476",,,,,,,"0",
,"148",,"504",,,,,,,"1",
,"148",,"588",,,,,,,"1",
,"149",,"695",,,,,,,"1",
,"149",,"454",,,,,,,"1",
,"149",,"1265",,,,,,,"0",
,"149",,"1465",,,,,,,"0",
,"149",,"1445",,,,,,,"1",
,"150",,"513",,,,,,,"0",
,"150",,"275",,,,,,,"1",
,"150",,"1500",,,,,,,"0",
,"150",,"445",,,,,,,"0",
,"150",,"1349",,,,,,,"0",
,"151",,"1199",,,,,,,"1",
,"151",,"998",,,,,,,"1",
,"151",,"1677",,,,,,,"1",
,"152",,"1100",,,,,,,"0",
,"153",,"862",,,,,,,"1",
,"153",,"581",,,,,,,"1",
,"153",,"271",,,,,,,"1",
,"154",,"1408",,,,,,,"0",
,"155",,"861",,,,,,,"1",
,"155",,"1605",,,,,,,"0",
,"155",,"1216",,,,,,,"1",
,"155",,"1401",,,,,,,"0",
,"156",,"1292",,,,,,,"0",
,"157",,"103",,,,,,,"1",
,"157",,"1264",,,,,,,"0",
,"157",,"465",,,,,,,"0",
,"158",,"587",,,,,,,"0",
,"158",,"654",,,,,,,"0",
,"158",,"73",,,,,,,"0",
,"159",,"1678",,,,,,,"1",
,"159",,"1051",,,,,,,"1",
,"159",,"270",,,,,,,"0",
,"159",,"560",,,,,,,"1",
,"160",,"1672",,,,,,,"0",
,"160",,"1573",,,,,,,"0",
,"160",,"1608",,,,,,,"0",
,"160",,"1157",,,,,,,"1",
,"161",,"1374",,,,,,,"0",
,"161",,"1050",,,,,,,"1",
,"161",,"65",,,,,,,"1",
,"161",,"843",,,,,,,"1",
,"161",,"542",,,,,,,"1",
,"162",,"80",,,,,,,"0",
,"162",,"1402",,,,,,,"1",
,"163",,"810",,,,,,,"1",
,"163",,"452",,,,,,,"1",
,"163",,"251",,,,,,,"0",
,"163",,"40",,,,,,,"0",
,"163",,"501",,,,,,,"0",
,"164",,"916",,,,,,,"0",
,"164",,"1624",,,,,,,"0",
,"164",,"764",,,,,,,"1",
,"164",,"324",,,,,,,"1",
,"165",,"710",,,,,,,"0",
,"165",,"861",,,,,,,"1",
,"165",,"620",,,,,,,"1",
,"165",,"993",,,,,,,"0",
,"166",,"69",,,,,,,"0",
,"166",,"187",,,,,,,"0",
,"166",,"82",,,,,,,"1",
,"166",,"693",,,,,,,"1",
,"167",,"257",,,,,,,"0",
,"168",,"956",,,,,,,"0",
,"168",,"1546",,,,,,,"1",
,"169",,"1236",,,,,,,"1",
,"169",,"534",,,,,,,"1",
,"169",,"1444",,,,,,,"1",
,"169",,"974",,,,,,,"0",
,"169",,"1655",,,,,,,"1",
,"170",,"791",,,,,,,"0",
,"170",,"1304",,,,,,,"1",
,"170",,"1292",,,,,,,"0",
,"170",,"648",,,,,,,"1",
,"171",,"1203",,,,,,,"0",
,"171",,"1083",,,,,,,"0",
,"171",,"1552",,,,,,,"0",
,"171",,"182",,,,,,,"1",
,"172",,"459",,,,,,,"0",
,"172",,"1371",,,,,,,"1",
,"172",,"921",,,,,,,"0",
,"172",,"451",,,,,,,"0",
,"172",,"1655",,,,,,,"0",
,"173",,"1017",,,,,,,"0",
,"173",,"896",,,,,,,"1",
,"173",,"332",,,,,,,"1",
,"174",,"305",,,,,,,"1",
,"175",,"873",,,,,,,"1",
,"175",,"313",,,,,,,"1",
,"176",,"1198",,,,,,,"1",
,"176",,"1045",,,,,,,"1",
,"177",,"1445",,,,,,,"1",
,"177",,"1592",,,,,,,"1",
,"177",,"1077",,,,,,,"0",
,"177",,"356",,,,,,,"1",
,"177",,"1530",,,,,,,"0",
,"178",,"1055",,,,,,,"1",
,"178",,"1512",,,,,,,"1",
,"178",,"846",,,,,,,"0",
,"179",,"499",,,,,,,"1",
,"179",,"1655",,,,,,,"1",
,"179",,"845",,,,,,,"0",
,"179",,"976",,,,,,,"0",
,"180",,"582",,,,,,,"1",
,"180",,"840",,,,,,,"0",
,"180",,"203",,,,,,,"0",
,"181",,"99",,,,,,,"1",
,"181",,"610",,,,,,,"0",
,"181",,"243",,,,,,,"0",
,"182",,"383",,,,,,,"0",
,"182",,"137",,,,,,,"1",
,"182",,"1143",,,,,,,"0",
,"182",,"1683",,,,,,,"0",
,"183",,"581",,,,,,,"1",
,"184",,"1068",,,,,,,"1",
,"184",,"359",,,,,,,"0",
,"184",,"1205",,,,,,,"1",
,"185",,"862",,,,,,,"0",
,"185",,"907",,,,,,,"1",
,"186",,"804",,,,,,,"1",
,"187",,"205",,,,,,,"0",
,"187",,"17",,,,,,,"1",
,"187",,"954",,,,,,,"1",
,"187",,"414",,,,,,,"0",
,"188",,"768",,,,,,,"1",
,"189",,"1597",,,,,,,"0",
,"189",,"1257",,,,,,,"1",
,"189",,"1439",,,,,,,"1",
,"189",,"1498",,,,,,,"1",
,"190",,"751",,,,,,,"1",
,"190",,"945",,,,,,,"1",
,"190",,"40",,,,,,,"1",
,"190",,"960",,,,,,,"1",
,"190",,"1176",,,,,,,"1",
,"191",,"1560",,,,,,,"1",
,"192",,"557",,,,,,,"0",
,"192",,"695",,,,,,,"1",
,"192",,"499",,,,,,,"0",
,"192",,"603",,,,,,,"1",
,"192",,"811",,,,,,,"0",
,"193",,"803",,,,,,,"0",
,"193",,"365",,,,,,,"1",
,"194",,"639",,,,,,,"1",
,"194",,"1021",,,,,,,"0",
,"194",,"912",,,,,,,"1",
,"195",,"980",,,,,,,"0",
,"195",,"182",,,,,,,"0",
,"195",,"1594",,,,,,,"1",
,"195",,"195",,,,,,,"1",
,"196",,"1258",,,,,,,"0",
,"196",,"1159",,,,,,,"1",
,"196",,"1607",,,,,,,"0",
,"196",,"1480",,,,,,,"0",
,"196",,"920",,,,,,,"0",
,"197",,"604",,,,,,,"1",
,"197",,"869",,,,,,,"0",
,"197",,"1343",,,,,,,"0",
,"198",,"992",,,,,,,"0",
,"198",,"178",,,,,,,"1",
,"198",,"493",,,,,,,"0",
,"199",,"172",,,,,,,"1",
,"199",,"1497",,,,,,,"0",
,"199",,"1185",,,,,,,"0",
,"199",,"1298",,,,,,,"1",
,"199",,"398",,,,,,,"1",
,"200",,"1097",,,,,,,"0",
,"200",,"844",,,,,,,"1",
,"201",,"278",,,,,,,"0",
,"201",,"1579",,,,,,,"0",
,"201",,"665",,,,,,,"1",
,"201",,"490",,,,,,,"0",
,"202",,"898",,,,,,,"0",
,"202",,"21",,,,,,,"0",
,"202",,"19",,,,,,,"1",
,"202",,"1637",,,,,,,"1",
,"202",,"1073",,,,,,,"0",
,"203",,"1673",,,,,,,"0",
,"203",,"741",,,,,,,"1",
,"204",,"223",,,,,,,"0",
,"204",,"940",,,,,,,"1",
,"204",,"1061",,,,,,,"0",
,"204",,"656",,,,,,,"0",
,"204",,"1088",,,,,,,"0",
,"205",,"759",,,,,,,"1",
,"205",,"436",,,,,,,"0",
,"205",,"114",,,,,,,"1",
,"205",,"1414",,,,,,,"0",
,"206",,"1354",,,,,,,"1",
,"206",,"241",,,,,,,"1",
,"206",,"312",,,,,,,"1",
,"207",,"1125",,,,,,,"1",
,"207",,"1315",,,,,,,"1",
,"207",,"1025",,,,,,,"0",
,"207",,"1016",,,,,,,"0",
,"207",,"1556",,,,,,,"1",
,"208",,"1515",,,,,,,"0",
,"209",,"1481",,,,,,,"0",
,"209",,"1082",,,,,,,"1",
,"209",,"340",,,,,,,"0",
,"210",,"808",,,,,,,"0",
,"211",,"646",,,,,,,"0",
,"211",,"611",,,,,,,"0",
,"211",,"328",,,,,,,"0",
,"212",,"672",,,,,,,"1",
,"212",,"405",,,,,,,"0",
,"212",,"1437",,,,,,,"0",
,"212",,"485",,,,,,,"0",
,"212",,"1453",,,,,,,"0",
,"213",,"248",,,,,,,"1",
,"213",,"1451",,,,,,,"1",
,"214",,"113",,,,,,,"0",
,"215",,"953",,,,,,,"1",
,"216",,"218",,,,,,,"1",
,"216",,"982",,,,,,,"1",
,"216",,"154",,,,,,,"0",
,"216",,"1276",,,,,,,"1",
,"217",,"161",,,,,,,"0",
,"217",,"1685",,,,,,,"1",
,"217",,"1106",,,,,,,"1",
,"217",,"808",,,,,,,"0",
,"217",,"724",,,,,,,"1",
,"218",,"1612",,,,,,,"1",
,"218",,"885",,,,,,,"1",
,"218",,"861",,,,,,,"1",
,"218",,"583",,,,,,,"1",
,"218",,"1483",,,,,,,"1",
,"219",,"564",,,,,,,"0",
,"220",,"500",,,,,,,"1",
,"221",,"1350",,,,,,,"0",
,"222",,"232",,,,,,,"1",
,"222",,"1210",,,,,,,"1",
,"222",,"1085",,,,,,,"0",
,"222",,"447",,,,,,,"0",
,"222",,"1673",,,,,,,"1",
,"223",,"982",,,,,,,"0",
,"223",,"1290",,,,,,,"1",
,"223",,"788",,,,,,,"1",
,"223",,"376",,,,,,,"1",
,"224",,"789",,,,,,,"0",
,"224",,"1157",,,,,,,"1",
,"224",,"345",,,,,,,"0",
,"224",,"1459",,,,,,,"1",
,"225",,"1506",,,,,,,"0",
,"225",,"1183",,,,,,,"0",
,"225",,"229",,,,,,,"0",
,"225",,"933",,,,,,,"0",
,"225",,"546",,,,,,,"1",
,"226",,"131",,,,,,,"1",
,"226",,"796",,,,,,,"0",
,"226",,"183",,,,,,,"1",
,"227",,"775",,,,,,,"1",
,"227",,"123",,,,,,,"0",
,"227",,"344",,,,,,,"0",
,"227",,"908",,,,,,,"1",
,"227",,"805",,,,,,,"1",
,"228",,"483",,,,,,,"0",
,"228",,"1129",,,,,,,"1",
,"229",,"1213",,,,,,,"0",
,"229",,"1456",,,,,,,"1",
,"229",,"819",,,,,,,"0",
,"229",,"636",,,,,,,"0",
,"230",,"1520",,,,,,,"1",
,"230",,"218",,,,,,,"0",
,"230",,"1147",,,,,,,"1",
,"231",,"1320",,,,,,,"1",
,"231",,"89",,,,,,,"0",
,"232",,"523",,,,,,,"0",
,"232",,"772",,,,,,,"1",
,"232",,"286",,,,,,,"0",
,"233",,"668",,,,,,,"1",
,"233",,"388",,,,,,,"0",
,"233",,"21",,,,,,,"0",
,"233",,"177",,,,,,,"0",
,"234",,"1325",,,,,,,"0",
,"234",,"1372",,,,,,,"1",
,"234",,"525",,,,,,,"1",
,"234",,"32",,,,,,,"1",
,"234",,"1628",,,,,,,"1",
,"235",,"73",,,,,,,"0",
,"236",,"673",,,,,,,"1",
,"237",,"400",,,,,,,"1",
,"237",,"1301",,,,,,,"0",
,"238",,"1507",,,,,,,"1",
,"239",,"744",,,,,,,"1",
,"239",,"697",,,,,,,"0",
,"239",,"571",,,,,,,"0",
,"239",,"1190",,,,,,,"1",
,"240",,"71",,,,,,,"1",
,"240",,"1553",,,,,,,"1",
,"240",,"798",,,,,,,"0",
,"240",,"1361",,,,,,,"0",
,"241",,"1570",,,,,,,"1",
,"241",,"802",,,,,,,"0",
,"241",,"978",,,,,,,"0",
,"241",,"827",,,,,,,"1",
,"242",,"519",,,,,,,"0",
,"242",,"1115",,,,,,,"1",
,"242",,"836",,,,,,,"1",
,"242",,"1006",,,,,,,"0",
,"242",,"983",,,,,,,"0",
,"243",,"151",,,,,,,"0",
,"243",,"1227",,,,,,,"1",
,"244",,"1424",,,,,,,"1",
,"244",,"1596",,,,,,,"0",
,"245",,"1271",,,,,,,"0",
,"245",,"1400",,,,,,,"0",
,"246",,"849",,,,,,,"1",
,"247",,"374",,,,,,,"0",
,"247",,"377",,,,,,,"0",
,"247",,"61",,,,,,,"0",
,"248",,"708",,,,,,,"0",
,"248",,"1611",,,,,,,"1",
,"248",,"1007",,,,,,,"1",
,"248",,"1440",,,,,,,"0",
,"249",,"1104",,,,,,,"0",
,"249",,"881",,,,,,,"0",
,"249",,"1280",,,,,,,"0",
,"250",,"1158",,,,,,,"0",
,"251",,"1116",,,,,,,"0",
,"251",,"933",,,,,,,"0",
,"251",,"414",,,,,,,"0",
,"251",,"725",,,,,,,"0",
,"252",,"238",,,,,,,"0",
,"252",,"444",,,,,,,"1",
,"252",,"1457",,,,,,,"1",
,"253",,"392",,,,,,,"1",
,"253",,"11",,,,,,,"0",
,"253",,"350",,,,,,,"0",
,"253",,"215",,,,,,,"0",
,"254",,"149",,,,,,,"1",
,"255",,"1603",,,,,,,"1",
,"255",,"826",,,,,,,"0",
,"255",,"408",,,,,,,"0",
,"255",,"691",,,,,,,"0",
,"256",,"1694",,,,,,,"0",
,"256",,"163",,,,,,,"0",
,"257",,"420",,,,,,,"0",
,"257",,"1281",,,,,,,"1",
,"257",,"1124",,,,,,,"1",
,"257",,"583",,,,,,,"0",
,"257",,"909",,,,,,,"0",
,"258",,"483",,,,,,,"0",
,"259",,"1221",,,,,,,"0",
,"259",,"417",,,,,,,"0",
,"260",,"1447",,,,,,,"0",
,"261",,"1639",,,,,,,"1",
,"261",,"1076",,,,,,,"1",
,"261",,"1417",,,,,,,"1",
,"261",,"340",,,,,,,"1",
,"261",,"65",,,,,,,"0",
,"262",,"1317",,,,,,,"1",
,"262",,"92",,,,,,,"1",
,"262",,"98",,,,,,,"1",
,"262",,"1072",,,,,,,"0",
,"262",,"102",,,,,,,"1",
,"263",,"1125",,,,,,,"0",
,"263",,"654",,,,,,,"0",
,"263",,"1306",,,,,,,"1",
,"264",,"408",,,,,,,"0",
,"264",,"1022",,,,,,,"0",
,"264",,"165",,,,,,,"1",
,"264",,"294",,,,,,,"0",
,"264",,"240",,,,,,,"1",
,"265",,"351",,,,,,,"1",
,"265",,"805",,,,,,,"0",
,"265",,"1215",,,,,,,"0",
,"266",,"1547",,,,,,,"0",
,"266",,"227",,,,,,,"0",
,"266",,"58",,,,,,,"1",
,"266",,"1295",,,,,,,"0",
,"266",,"1052",,,,,,,"1",
,"267",,"1188",,,,,,,"1",
,"267",,"725",,,,,,,"0",
,"267",,"1158",,,,,,,"0",
,"267",,"1100",,,,,,,"1",
,"268",,"249",,,,,,,"0",
,"268",,"361",,,,,,,"0",
,"269",,"900",,,,,,,"0",
,"269",,"1687",,,,,,,"0",
,"269",,"569",,,,,,,"0",
,"270",,"528",,,,,,,"0",
,"270",,"1633",,,,,,,"1",
,"270",,"973",,,,,,,"1",
,"270",,"558",,,,,,,"1",
,"271",,"1639",,,,,,,"0",
,"271",,"1652",,,,,,,"0",
,"271",,"745",,,,,,,"1",
,"271",,"1311",,,,,,,"1",
,"272",,"763",,,,,,,"0",
,"273",,"1676",,,,,,,"0",
,"274",,"1472",,,,,,,"0",
,"275",,"328",,,,,,,"1",
,"275",,"991",,,,,,,"0",
,"275",,"614",,,,,,,"1",
,"275",,"256",,,,,,,"1",
,"276",,"403",,,,,,,"0",
,"276",,"356",,,,,,,"1",
,"276",,"554",,,,,,,"0",
,"276",,"644",,,,,,,"0",
,"277",,"1357",,,,,,,"1",
,"277",,"686",,,,,,,"1",
,"277",,"1265",,,,,,,"0",
,"277",,"541",,,,,,,"1",
,"278",,"1001",,,,,,,"0",
,"278",,"145",,,,,,,"1",
,"279",,"160",,,,,,,"1",
,"279",,"299",,,,,,,"1",
,"279",,"1139",,,,,,,"1",
,"279",,"143",,,,,,,"1",
,"280",,"850",,,,,,,"1",
,"280",,"1400",,,,,,,"0",
,"280",,"1514",,,,,,,"1",
,"280",,"499",,,,,,,"0",
,"281",,"1700",,,,,,,"0",
,"281",,"374",,,,,,,"1",
,"282",,"1192",,,,,,,"1",
,"282",,"426",,,,,,,"0",
,"282",,"1387",,,,,,,"1",
,"282",,"394",,,,,,,"1",
,"283",,"1504",,,,,,,"0",
,"283",,"638",,,,,,,"0",
,"283",,"81",,,,,,,"0",
,"283",,"1184",,,,,,,"0",
,"284",,"1331",,,,,,,"1",
,"284",,"795",,,,,,,"0",
,"285",,"1621",,,,,,,"0",
,"285",,"1599",,,,,,,"1",
,"285",,"796",,,,,,,"1",
,"286",,"1409",,,,,,,"0",
,"286",,"927",,,,,,,"0",
,"287",,"1321",,,,,,,"1",
,"287",,"1030",,,,,,,"0",
,"287",,"109",,,,,,,"0",
,"288",,"1642",,,,,,,"1",
,"288",,"1125",,,,,,,"1",
,"288",,"853",,,,,,,"0",
,"288",,"1548",,,,,,,"1",
,"288",,"1701",,,,,,,"0",
,"289",,"496",,,,,,,"1",
,"289",,"346",,,,,,,"1",
,"289",,"1641",,,,,,,"1",
,"290",,"142",,,,,,,"0",
,"290",,"198",,,,,,,"0",
,"290",,"1080",,,,,,,"1",
,"290",,"716",,,,,,,"1",
,"290",,"285",,,,,,,"0",
,"291",,"328",,,,,,,"0",
,"292",,"850",,,,,,,"0",
,"292",,"1511",,,,,,,"1",
,"293",,"1648",,,,,,,"0",
,"293",,"1143",,,,,,,"1",
,"293",,"821",,,,,,,"0",
,"293",,"1467",,,,,,,"1",
,"294",,"421",,,,,,,"1",
,"295",,"191",,,,,,,"1",
,"295",,"890",,,,,,,"1",
,"295",,"589",,,,,,,"1",
,"296",,"1521",,,,,,,"1",
,"297",,"96",,,,,,,"0",
,"298",,"1650",,,,,,,"1",
,"298",,"1348",,,,,,,"1",
,"298",,"987",,,,,,,"1",
,"298",,"682",,,,,,,"0",
,"299",,"217",,,,,,,"0",
,"299",,"1578",,,,,,,"0",
,"300",,"1255",,,,,,,"1",
,"300",,"1520",,,,,,,"0",
,"301",,"998",,,,,,,"0",
,"301",,"22",,,,,,,"0",
,"301",,"179",,,,,,,"1",
,"302",,"820",,,,,,,"0",
,"302",,"949",,,,,,,"1",
,"302",,"1063",,,,,,,"0",
,"302",,"1701",,,,,,,"1",
,"302",,"225",,,,,,,"0",
,"303",,"700",,,,,,,"1",
,"303",,"149",,,,,,,"1",
,"303",,"964",,,,,,,"1",
,"303",,"79",,,,,,,"0",
,"303",,"765",,,,,,,"0",
,"304",,"527",,,,,,,"1",
,"304",,"1270",,,,,,,"0",
,"305",,"1406",,,,,,,"1",
,"306",,"790",,,,,,,"1",
,"307",,"186",,,,,,,"0",
,"307",,"1607",,,,,,,"1",
,"307",,"329",,,,,,,"1",
,"307",,"1603",,,,,,,"0",
,"307",,"1137",,,,,,,"0",
,"308",,"542",,,,,,,"0",
,"308",,"723",,,,,,,"1",
,"308",,"1062",,,,,,,"1",
,"309",,"790",,,,,,,"1",
,"310",,"157",,,,,,,"0",
,"310",,"132",,,,,,,"0",
,"310",,"17",,,,,,,"0",
,"310",,"248",,,,,,,"0",
,"311",,"154",,,,,,,"1",
,"311",,"828",,,,,,,"0",
,"311",,"606",,,,,,,"1",
,"312",,"1053",,,,,,,"0",
,"312",,"883",,,,,,,"1",
,"312",,"392",,,,,,,"0",
,"313",,"1602",,,,,,,"1",
,"313",,"1681",,,,,,,"1",
,"313",,"923",,,,,,,"1",
,"313",,"214",,,,,,,"0",
,"313",,"1124",,,,,,,"0",
,"314",,"1072",,,,,,,"0",
,"314",,"1644",,,,,,,"1",
,"314",,"27",,,,,,,"0",
,"314",,"123",,,,,,,"1",
,"315",,"47",,,,,,,"1",
,"315",,"435",,,,,,,"1",
,"315",,"63",,,,,,,"0",
,"315",,"19",,,,,,,"0",
,"315",,"578",,,,,,,"0",
,"316",,"1219",,,,,,,"0",
,"316",,"1079",,,,,,,"1",
,"317",,"1502",,,,,,,"0",
,"317",,"1532",,,,,,,"1",
,"317",,"384",,,,,,,"1",
,"317",,"1318",,,,,,,"1",
,"318",,"325",,,,,,,"0",
,"319",,"590",,,,,,,"1",
,"319",,"512",,,,,,,"0",
,"319",,"518",,,,,,,"1",
,"319",,"1613",,,,,,,"1",
,"320",,"1261",,,,,,,"0",
,"321",,"877",,,,,,,"0",
,"321",,"1137",,,,,,,"1",
,"322",,"1318",,,,,,,"1",
,"322",,"1602",,,,,,,"0",
,"322",,"105",,,,,,,"0",
,"322",,"866",,,,,,,"0",
,"323",,"949",,,,,,,"1",
,"323",,"726",,,,,,,"0",
,"323",,"376",,,,,,,"0",
,"324",,"754",,,,,,,"1",
,"324",,"1649",,,,,,,"1",
,"324",,"306",,,,,,,"1",
,"325",,"541",,,,,,,"0",
,"325",,"1320",,,,,,,"0",
,"325",,"1458",,,,,,,"0",
,"325",,"948",,,,,,,"1",
,"325",,"776",,,,,,,"0",
,"326",,"558",,,,,,,"0",
,"326",,"5",,,,,,,"1",
,"327",,"132",,,,,,,"0",
,"328",,"1390",,,,,,,"0",
,"328",,"1286",,,,,,,"1",
,"328",,"1218",,,,,,,"0",
,"328",,"179",,,,,,,"0",
,"329",,"571",,,,,,,"0",
,"329",,"133",,,,,,,"1",
,"329",,"933",,,,,,,"1",
,"329",,"762",,,,,,,"1",
,"329",,"493",,,,,,,"1",
,"330",,"228",,,,,,,"1",
,"330",,"1422",,,,,,,"0",
,"330",,"1357",,,,,,,"0",
,"331",,"91",,,,,,,"1",
,"331",,"1674",,,,,,,"0",
,"331",,"727",,,,,,,"1",
,"331",,"1365",,,,,,,"0",
,"331",,"1369",,,,,,,"1",
,"332",,"893",,,,,,,"1",
,"332",,"1556",,,,,,,"1",
,"332",,"1084",,,,,,,"0",
,"333",,"305",,,,,,,"0",
,"334",,"1511",,,,,,,"0",
,"335",,"1338",,,,,,,"0",
,"335",,"39",,,,,,,"0",
,"335",,"797",,,,,,,"1",
,"335",,"84",,,,,,,"1",
,"336",,"67",,,,,,,"0",
,"336",,"1120",,,,,,,"0",
,"336",,"816",,,,,,,"1",
,"337",,"536",,,,,,,"1",
,"338",,"449",,,,,,,"1",
,"338",,"570",,,,,,,"0",
,"338",,"440",,,,,,,"1",
,"339",,"1116",,,,,,,"1",
,"339",,"1215",,,,,,,"0",
,"339",,"935",,,,,,,"1",
,"339",,"1052",,,,,,,"1",
,"340",,"495",,,,,,,"1",
,"341",,"1674",,,,,,,"0",
,"341",,"767",,,,,,,"1",
,"342",,"1424",,,,,,,"0",
,"343",,"852",,,,,,,"1",
,"343",,"362",,,,,,,"1",
,"343",,"1056",,,,,,,"1",
,"344",,"1603",,,,,,,"0",
,"344",,"1283",,,,,,,"0",
,"344",,"116",,,,,,,"1",
,"344",,"239",,,,,,,"0",
,"344",,"1316",,,,,,,"0",
,"345",,"1090",,,,,,,"1",
,"345",,"320",,,,,,,"0",
,"345",,"916",,,,,,,"1",
,"345",,"1021",,,,,,,"0",
,"346",,"822",,,,,,,"0",
,"346",,"1647",,,,,,,"1",
,"346",,"1293",,,,,,,"1",
,"346",,"351",,,,,,,"1",
,"346",,"724",,,,,,,"0",
,"347",,"569",,,,,,,"0",
,"347",,"773",,,,,,,"0",
,"347",,"1416",,,,,,,"1",
,"347",,"1077",,,,,,,"0",
,"347",,"1347",,,,,,,"1",
,"348",,"52",,,,,,,"0",
,"348",,"910",,,,,,,"0",
,"348",,"877",,,,,,,"1",
,"349",,"930",,,,,,,"1",
,"349",,"1356",,,,,,,"1",
,"350",,"58",,,,,,,"0",
,"350",,"1617",,,,,,,"0",
,"350",,"1222",,,,,,,"0",
,"350",,"1527",,,,,,,"0",
,"350",,"996",,,,,,,"1",
,"351",,"1522",,,,,,,"0",
,"351",,"1393",,,,,,,"1",
,"351",,"1586",,,,,,,"1",
,"351",,"1434",,,,,,,"1",
,"351",,"49",,,,,,,"1",
,"352",,"160",,,,,,,"1",
,"352",,"1449",,,,,,,"1",
,"352",,"330",,,,,,,"0",
,"353",,"1003",,,,,,,"0",
,"353",,"1175",,,,,,,"0",
,"353",,"840",,,,,,,"1",
,"353",,"279",,,,,,,"0",
,"353",,"1687",,,,,,,"0",
,"354",,"955",,,,,,,"1",
,"354",,"1286",,,,,,,"1",
,"354",,"1403",,,,,,,"1",
,"354",,"413",,,,,,,"0",
,"354",,"1232",,,,,,,"0",
,"355",,"66",,,,,,,"0",
,"355",,"382",,,,,,,"1",
,"355",,"1049",,,,,,,"0",
,"355",,"318",,,,,,,"0",
,"355",,"1590",,,,,,,"0",
,"356",,"1486",,,,,,,"0",
,"356",,"1039",,,,,,,"0",
,"357",,"182",,,,,,,"0",
,"357",,"125",,,,,,,"0",
,"357",,"1045",,,,,,,"0",
,"358",,"1098",,,,,,,"1",
,"358",,"785",,,,,,,"1",
,"358",,"583",,,,,,,"0",
,"358",,"756",,,,,,,"0",
,"358",,"1645",,,,,,,"0",
,"359",,"375",,,,,,,"1",
,"20",,"1547",,,,,,,"0",
,"20",,"1262",,,,,,,"0",
,"20",,"854",,,,,,,"1",
,"21",,"388",,,,,,,"1",
,"21",,"1601",,,,,,,"0",
,"21",,"224",,,,,,,"1",
,"21",,"660",,,,,,,"1",
,"22",,"1192",,,,,,,"1",
,"22",,"137",,,,,,,"0",
,"22",,"574",,,,,,,"0",
,"22",,"61",,,,,,,"0",
,"23",,"128",,,,,,,"1",
,"23",,"989",,,,,,,"1",
,"23",,"831",,,,,,,"1",
,"24",,"1682",,,,,,,"0",
,"24",,"558",,,,,,,"0",
,"25",,"378",,,,,,,"0",
,"25",,"863",,,,,,,"1",
,"25",,"428",,,,,,,"1",
,"25",,"172",,,,,,,"0",
,"26",,"1294",,,,,,,"0",
,"26",,"467",,,,,,,"0",
,"26",,"1539",,,,,,,"0",
,"26",,"958",,,,,,,"1",
,"26",,"1134",,,,,,,"0",
,"27",,"1243",,,,,,,"1",
,"27",,"1025",,,,,,,"1",
,"27",,"849",,,,,,,"0",
,"28",,"744",,,,,,,"0",
,"28",,"789",,,,,,,"1",
,"29",,"758",,,,,,,"1",
,"29",,"234",,,,,,,"0",
,"30",,"311",,,,,,,"0",
,"30",,"694",,,,,,,"0",
,"30",,"763",,,,,,,"1",
,"30",,"875",,,,,,,"0",
,"31",,"706",,,,,,,"0",
,"31",,"162",,,,,,,"0",
,"32",,"1419",,,,,,,"1",
,"32",,"1210",,,,,,,"0",
,"32",,"1294",,,,,,,"1",
,"32",,"384",,,,,,,"1",
,"33",,"821",,,,,,,"0",
,"33",,"506",,,,,,,"0",
,"33",,"298",,,,,,,"1",
,"33",,"620",,,,,,,"1",
,"33",,"1166",,,,,,,"1",
,"34",,"821",,,,,,,"0",
,"34",,"1472",,,,,,,"0",
,"34",,"3",,,,,,,"0",
,"34",,"1477",,,,,,,"1",
,"34",,"224",,,,,,,"1",
,"35",,"1601",,,,,,,"0",
,"35",,"832",,,,,,,"0",
,"35",,"573",,,,,,,"0",
,"35",,"374",,,,,,,"1",
,"36",,"26",,,,,,,"1",
,"36",,"588",,,,,,,"1",
,"36",,"545",,,,,,,"1",
,"36",,"595",,,,,,,"1",
,"37",,"654",,,,,,,"1",
,"37",,"557",,,,,,,"0",
,"38",,"1525",,,,,,,"1",
,"38",,"1280",,,,,,,"0",
,"38",,"1478",,,,,,,"1",
,"360",,"1064",,,,,,,"1",
,"360",,"638",,,,,,,"1",
,"360",,"1071",,,,,,,"1",
,"360",,"476",,,,,,,"0",
,"361",,"1685",,,,,,,"1",
,"362",,"727",,,,,,,"1",
,"362",,"1207",,,,,,,"1",
,"363",,"995",,,,,,,"1",
,"363",,"439",,,,,,,"0",
,"364",,"209",,,,,,,"0",
,"364",,"760",,,,,,,"1",
,"364",,"1469",,,,,,,"0",
,"364",,"489",,,,,,,"0",
,"365",,"1545",,,,,,,"1",
,"365",,"868",,,,,,,"0",
,"365",,"1235",,,,,,,"1",
,"366",,"138",,,,,,,"1",
,"366",,"738",,,,,,,"1",
,"367",,"499",,,,,,,"0",
,"368",,"1371",,,,,,,"0",
,"368",,"1379",,,,,,,"0",
,"368",,"205",,,,,,,"0",
,"369",,"941",,,,,,,"1",
,"369",,"746",,,,,,,"1",
,"369",,"851",,,,,,,"0",
,"369",,"1470",,,,,,,"1",
,"370",,"706",,,,,,,"0",
,"370",,"826",,,,,,,"1",
,"370",,"707",,,,,,,"1",
,"370",,"1281",,,,,,,"0",
,"370",,"332",,,,,,,"1",
,"371",,"870",,,,,,,"1",
,"371",,"463",,,,,,,"1",
,"372",,"386",,,,,,,"1",
,"372",,"1165",,,,,,,"1",
,"372",,"1673",,,,,,,"1",
,"373",,"1454",,,,,,,"0",
,"374",,"1016",,,,,,,"1",
,"374",,"408",,,,,,,"0",
,"374",,"260",,,,,,,"0",
,"374",,"114",,,,,,,"1",
,"374",,"1075",,,,,,,"0",
,"375",,"1286",,,,,,,"0",
,"375",,"121",,,,,,,"0",
,"375",,"852",,,,,,,"1",
,"376",,"1081",,,,,,,"0",
,"376",,"484",,,,,,,"1",
,"376",,"102",,,,,,,"1",
,"376",,"1687",,,,,,,"0",
,"376",,"428",,,,,,,"0",
,"377",,"104",,,,,,,"0",
,"377",,"1374",,,,,,,"0",
,"377",,"1048",,,,,,,"1",
,"377",,"1078",,,,,,,"1",
,"378",,"1176",,,,,,,"1",
,"379",,"908",,,,,,,"0",
,"379",,"1075",,,,,,,"0",
,"380",,"294",,,,,,,"1",
,"380",,"556",,,,,,,"0",
,"380",,"330",,,,,,,"0",
,"380",,"943",,,,,,,"1",
,"381",,"176",,,,,,,"0",
,"381",,"679",,,,,,,"0",
,"381",,"130",,,,,,,"1",
,"381",,"431",,,,,,,"0",
,"381",,"78",,,,,,,"1",
,"382",,"972",,,,,,,"0",
,"382",,"1702",,,,,,,"0",
,"382",,"1434",,,,,,,"0",
,"382",,"1049",,,,,,,"0",
,"383",,"1580",,,,,,,"0",
,"383",,"210",,,,,,,"1",
,"384",,"1013",,,,,,,"0",
,"384",,"270",,,,,,,"1",
,"385",,"936",,,,,,,"0",
,"385",,"60",,,,,,,"0",
,"385",,"458",,,,,,,"0",
,"386",,"600",,,,,,,"1",
,"387",,"1313",,,,,,,"0",
,"387",,"1420",,,,,,,"0",
,"388",,"28",,,,,,,"0",
,"388",,"1311",,,,,,,"0",
,"388",,"766",,,,,,,"1",
,"389",,"1514",,,,,,,"0",
,"390",,"49",,,,,,,"0",
,"390",,"1533",,,,,,,"1",
,"390",,"1196",,,,,,,"1",
,"390",,"1393",,,,,,,"0",
,"391",,"452",,,,,,,"1",
,"391",,"87",,,,,,,"1",
,"391",,"1680",,,,,,,"1",
,"391",,"1312",,,,,,,"0",
,"392",,"929",,,,,,,"0",
,"1",,"564",,,,,,,"1",
,"1",,"63",,,,,,,"0",
,"1",,"346",,,,,,,"0",
,"1",,"584",,,,,,,"0",
,"1",,"1571",,,,,,,"1",
,"2",,"1568",,,,,,,"0",
,"3",,"446",,,,,,,"0",
,"3",,"359",,,,,,,"1",
,"3",,"1108",,,,,,,"0",
,"3",,"299",,,,,,,"1",
,"4",,"939",,,,,,,"1",
,"4",,"1579",,,,,,,"0",
,"5",,"472",,,,,,,"0",
,"6",,"1343",,,,,,,"1",
,"6",,"27",,,,,,,"1",
,"6",,"374",,,,,,,"0",
,"6",,"1376",,,,,,,"1",
,"7",,"981",,,,,,,"1",
,"7",,"143",,,,,,,"0",
,"7",,"879",,,,,,,"1",
,"8",,"1174",,,,,,,"1",
,"8",,"2",,,,,,,"1",
,"8",,"61",,,,,,,"0",
,"8",,"1369",,,,,,,"0",
,"9",,"1177",,,,,,,"0",
,"9",,"72",,,,,,,"1",
,"9",,"671",,,,,,,"0",
,"10",,"1505",,,,,,,"0",
,"10",,"510",,,,,,,"0",
,"11",,"480",,,,,,,"1",
,"11",,"511",,,,,,,"1",
,"11",,"588",,,,,,,"0",
,"11",,"1515",,,,,,,"0",
,"12",,"331",,,,,,,"0",
,"12",,"1128",,,,,,,"1",
,"12",,"495",,,,,,,"1",
,"12",,"1071",,,,,,,"1",
,"12",,"103",,,,,,,"1",
,"13",,"1342",,,,,,,"1",
,"13",,"813",,,,,,,"1",
,"13",,"154",,,,,,,"0",
,"14",,"682",,,,,,,"1",
,"15",,"1642",,,,,,,"1",
,"15",,"646",,,,,,,"0",
,"15",,"1675",,,,,,,"0",
,"15",,"954",,,,,,,"1",
,"16",,"161",,,,,,,"1",
,"16",,"1484",,,,,,,"1",
,"17",,"26",,,,,,,"0",
,"17",,"475",,,,,,,"0",
,"17",,"1391",,,,,,,"0",
,"17",,"1119",,,,,,,"1",
,"18",,"1343",,,,,,,"0",
,"18",,"1690",,,,,,,"0",
,"18",,"43",,,,,,,"0",
,"18",,"1634",,,,,,,"0",
,"18",,"1240",,,,,,,"0",
,"19",,"1442",,,,,,,"1",
,"19",,"1526",,,,,,,"0",
,"393",,"1050",,,,,,,"1",
,"393",,"1145",,,,,,,"1",
,"393",,"1235",,,,,,,"1",
,"393",,"382",,,,,,,"1",
,"394",,"163",,,,,,,"1",
,"394",,"831",,,,,,,"0",
,"394",,"690",,,,,,,"0",
,"394",,"701",,,,,,,"0",
,"395",,"972",,,,,,,"0",
,"395",,"508",,,,,,,"1",
,"395",,"156",,,,,,,"1",
,"395",,"20",,,,,,,"1",
,"396",,"498",,,,,,,"1",
,"397",,"985",,,,,,,"0",
,"397",,"827",,,,,,,"0",
,"397",,"708",,,,,,,"1",
,"397",,"967",,,,,,,"0",
,"398",,"88",,,,,,,"0",
,"398",,"1283",,,,,,,"0",
,"398",,"391",,,,,,,"0",
,"398",,"805",,,,,,,"0",
,"399",,"624",,,,,,,"0",
,"399",,"1550",,,,,,,"1",
,"400",,"686",,,,,,,"1",
,"401",,"27",,,,,,,"1",
,"401",,"412",,,,,,,"1",
,"401",,"1467",,,,,,,"1",
,"401",,"184",,,,,,,"0",
,"402",,"1564",,,,,,,"1",
,"402",,"599",,,,,,,"1",
,"403",,"1316",,,,,,,"1",
,"403",,"164",,,,,,,"1",
,"403",,"969",,,,,,,"1",
,"403",,"1218",,,,,,,"1",
,"403",,"653",,,,,,,"1",
,"404",,"573",,,,,,,"1",
,"404",,"1434",,,,,,,"1",
,"405",,"588",,,,,,,"0",
,"405",,"549",,,,,,,"1",
,"405",,"755",,,,,,,"0",
,"405",,"1196",,,,,,,"0",
,"406",,"1040",,,,,,,"0",
,"406",,"327",,,,,,,"0",
,"406",,"368",,,,,,,"0",
,"406",,"1226",,,,,,,"0",
,"407",,"914",,,,,,,"1",
,"407",,"1141",,,,,,,"0",
,"408",,"644",,,,,,,"0",
,"408",,"704",,,,,,,"0",
,"408",,"1317",,,,,,,"0",
,"408",,"455",,,,,,,"1",
,"409",,"1191",,,,,,,"0",
,"410",,"1359",,,,,,,"0",
,"410",,"1530",,,,,,,"1",
,"410",,"124",,,,,,,"1",
,"410",,"110",,,,,,,"0",
,"411",,"447",,,,,,,"1",
,"411",,"1142",,,,,,,"0",
,"412",,"57",,,,,,,"1",
,"412",,"271",,,,,,,"1",
,"412",,"1242",,,,,,,"0",
,"412",,"204",,,,,,,"0",
,"412",,"1169",,,,,,,"1",
,"413",,"1199",,,,,,,"0",
,"413",,"487",,,,,,,"0",
,"414",,"730",,,,,,,"1",
,"414",,"563",,,,,,,"0",
,"414",,"848",,,,,,,"0",
,"414",,"1582",,,,,,,"1",
,"414",,"720",,,,,,,"1",
,"415",,"118",,,,,,,"1",
,"415",,"1330",,,,,,,"1",
,"415",,"1261",,,,,,,"1",
,"415",,"933",,,,,,,"0",
,"416",,"1258",,,,,,,"1",
,"416",,"414",,,,,,,"0",
,"417",,"1362",,,,,,,"1",
,"418",,"299",,,,,,,"0",
,"418",,"347",,,,,,,"0",
,"418",,"617",,,,,,,"0",
,"418",,"1160",,,,,,,"1",
,"419",,"1260",,,,,,,"0",
,"419",,"1594",,,,,,,"0",
,"420",,"1446",,,,,,,"1",
,"421",,"313",,,,,,,"0",
,"421",,"793",,,,,,,"0",
,"421",,"867",,,,,,,"1",
,"421",,"853",,,,,,,"1",
,"421",,"1215",,,,,,,"1",
,"422",,"1396",,,,,,,"1",
,"422",,"431",,,,,,,"0",
,"423",,"548",,,,,,,"0",
,"423",,"797",,,,,,,"0",
,"423",,"223",,,,,,,"1",
,"423",,"1588",,,,,,,"0",
,"424",,"326",,,,,,,"0",
,"424",,"385",,,,,,,"0",
,"424",,"798",,,,,,,"1",
,"425",,"357",,,,,,,"0",
,"425",,"409",,,,,,,"1",
,"425",,"1485",,,,,,,"0",
,"426",,"993",,,,,,,"1",
,"426",,"606",,,,,,,"1",
,"426",,"53",,,,,,,"0",
,"426",,"1123",,,,,,,"1",
,"426",,"1456",,,,,,,"0",
,"427",,"874",,,,,,,"1",
,"427",,"18",,,,,,,"1",
,"428",,"459",,,,,,,"0",
,"428",,"1078",,,,,,,"1",
,"428",,"1563",,,,,,,"1",
,"429",,"1156",,,,,,,"1",
,"429",,"914",,,,,,,"1",
,"429",,"926",,,,,,,"1",
,"429",,"1174",,,,,,,"0",
,"429",,"139",,,,,,,"0",
,"430",,"487",,,,,,,"0",
,"430",,"810",,,,,,,"1",
,"430",,"1460",,,,,,,"1",
,"430",,"575",,,,,,,"0",
,"430",,"32",,,,,,,"0",
,"431",,"589",,,,,,,"1",
,"431",,"1310",,,,,,,"1",
,"432",,"1317",,,,,,,"1",
,"432",,"1435",,,,,,,"1",
,"432",,"923",,,,,,,"0",
,"433",,"1052",,,,,,,"0",
,"433",,"728",,,,,,,"0",
,"433",,"425",,,,,,,"0",
,"433",,"1116",,,,,,,"0",
,"434",,"340",,,,,,,"0",
,"434",,"286",,,,,,,"0",
,"434",,"929",,,,,,,"0",
,"434",,"1092",,,,,,,"1",
,"434",,"272",,,,,,,"1",
,"435",,"117",,,,,,,"1",
,"435",,"1649",,,,,,,"1",
,"435",,"637",,,,,,,"0",
,"435",,"47",,,,,,,"0",
,"435",,"646",,,,,,,"1",
,"436",,"1443",,,,,,,"1",
,"436",,"374",,,,,,,"0",
,"436",,"1319",,,,,,,"0",
,"437",,"285",,,,,,,"0",
,"437",,"656",,,,,,,"1",
,"437",,"1546",,,,,,,"0",
,"438",,"1152",,,,,,,"0",
,"438",,"781",,,,,,,"0",
,"438",,"1396",,,,,,,"0",
,"438",,"513",,,,,,,"1",
,"438",,"1306",,,,,,,"1",
,"439",,"1444",,,,,,,"1",
,"439",,"675",,,,,,,"1",
,"439",,"1669",,,,,,,"1",
,"439",,"213",,,,,,,"1",
,"440",,"935",,,,,,,"0",
,"440",,"130",,,,,,,"1",
,"440",,"162",,,,,,,"1",
,"440",,"186",,,,,,,"1",
,"441",,"428",,,,,,,"1",
,"441",,"702",,,,,,,"1",
,"441",,"60",,,,,,,"1",
,"441",,"838",,,,,,,"1",
,"441",,"175",,,,,,,"1",
,"442",,"602",,,,,,,"1",
,"442",,"1541",,,,,,,"1",
,"442",,"618",,,,,,,"0",
,"442",,"1378",,,,,,,"0",
,"443",,"1146",,,,,,,"0",
,"444",,"702",,,,,,,"0",
,"444",,"269",,,,,,,"1",
,"444",,"794",,,,,,,"0",
,"444",,"532",,,,,,,"1",
,"445",,"865",,,,,,,"1",
,"445",,"1408",,,,,,,"0",
,"445",,"1052",,,,,,,"0",
,"446",,"30",,,,,,,"1",
,"446",,"405",,,,,,,"0",
,"447",,"1156",,,,,,,"0",
,"448",,"137",,,,,,,"1",
,"448",,"1031",,,,,,,"1",
,"449",,"1687",,,,,,,"0",
,"449",,"1208",,,,,,,"1",
,"450",,"1090",,,,,,,"1",
,"451",,"1441",,,,,,,"1",
,"451",,"846",,,,,,,"0",
,"451",,"1295",,,,,,,"0",
,"451",,"889",,,,,,,"0",
,"451",,"1032",,,,,,,"0",
,"452",,"985",,,,,,,"0",
,"452",,"1451",,,,,,,"1",
,"452",,"1213",,,,,,,"1",
,"452",,"1236",,,,,,,"1",
,"453",,"1024",,,,,,,"1",
,"453",,"179",,,,,,,"0",
,"454",,"526",,,,,,,"1",
,"455",,"1193",,,,,,,"0",
,"456",,"1253",,,,,,,"0",
,"456",,"418",,,,,,,"1",
,"456",,"13",,,,,,,"1",
,"457",,"1236",,,,,,,"0",
,"457",,"539",,,,,,,"1",
,"457",,"842",,,,,,,"1",
,"458",,"815",,,,,,,"0",
,"458",,"801",,,,,,,"0",
,"458",,"457",,,,,,,"1",
,"459",,"1425",,,,,,,"0",
,"459",,"1645",,,,,,,"1",
,"459",,"1502",,,,,,,"0",
,"460",,"1640",,,,,,,"0",
,"460",,"1685",,,,,,,"0",
,"460",,"534",,,,,,,"0",
,"460",,"130",,,,,,,"1",
,"461",,"1309",,,,,,,"1",
,"461",,"1363",,,,,,,"1",
,"462",,"456",,,,,,,"1",
,"462",,"448",,,,,,,"1",
,"462",,"1068",,,,,,,"0",
,"462",,"1106",,,,,,,"1",
,"462",,"476",,,,,,,"0",
,"463",,"232",,,,,,,"0",
,"463",,"742",,,,,,,"0",
,"463",,"1075",,,,,,,"0",
,"464",,"951",,,,,,,"1",
,"465",,"1085",,,,,,,"0",
,"466",,"573",,,,,,,"0",
,"466",,"1257",,,,,,,"1",
,"466",,"452",,,,,,,"1",
,"466",,"1529",,,,,,,"0",
,"466",,"1100",,,,,,,"0",
,"467",,"359",,,,,,,"0",
,"467",,"1387",,,,,,,"1",
,"467",,"1537",,,,,,,"1",
,"468",,"1497",,,,,,,"1",
,"468",,"950",,,,,,,"0",
,"468",,"1155",,,,,,,"1",
,"468",,"1137",,,,,,,"0",
,"469",,"1289",,,,,,,"1",
,"470",,"778",,,,,,,"0",
,"470",,"604",,,,,,,"1",
,"470",,"309",,,,,,,"0",
,"470",,"242",,,,,,,"1",
,"471",,"33",,,,,,,"0",
,"471",,"903",,,,,,,"1",
,"471",,"31",,,,,,,"0",
,"471",,"1631",,,,,,,"0",
,"472",,"545",,,,,,,"0",
,"472",,"805",,,,,,,"0",
,"473",,"305",,,,,,,"0",
,"474",,"1145",,,,,,,"0",
,"474",,"724",,,,,,,"1",
,"475",,"769",,,,,,,"0",
,"475",,"1698",,,,,,,"1",
,"475",,"1084",,,,,,,"0",
,"476",,"1277",,,,,,,"1",
,"476",,"678",,,,,,,"1",
,"477",,"1056",,,,,,,"0",
,"478",,"644",,,,,,,"1",
,"478",,"1423",,,,,,,"0",
,"478",,"1122",,,,,,,"1",
,"478",,"876",,,,,,,"1",
,"478",,"380",,,,,,,"0",
,"479",,"1181",,,,,,,"1",
,"479",,"523",,,,,,,"1",
,"479",,"1609",,,,,,,"0",
,"479",,"1024",,,,,,,"0",
,"480",,"1452",,,,,,,"1",
,"480",,"1430",,,,,,,"0",
,"480",,"1436",,,,,,,"0",
,"481",,"1626",,,,,,,"0",
,"481",,"1241",,,,,,,"0",
,"481",,"932",,,,,,,"1",
,"481",,"140",,,,,,,"0",
,"481",,"136",,,,,,,"1",
,"482",,"199",,,,,,,"1",
,"482",,"130",,,,,,,"1",
,"482",,"743",,,,,,,"1",
,"482",,"1178",,,,,,,"1",
,"483",,"635",,,,,,,"0",
,"483",,"371",,,,,,,"1",
,"484",,"104",,,,,,,"1",
,"485",,"668",,,,,,,"1",
,"485",,"1376",,,,,,,"0",
,"486",,"599",,,,,,,"1",
,"486",,"277",,,,,,,"1",
,"486",,"1163",,,,,,,"0",
,"486",,"1029",,,,,,,"0",
,"486",,"114",,,,,,,"0",
,"487",,"1466",,,,,,,"1",
,"487",,"1509",,,,,,,"1",
,"487",,"1100",,,,,,,"0",
,"488",,"603",,,,,,,"1",
,"488",,"1533",,,,,,,"0",
,"488",,"1561",,,,,,,"1",
,"488",,"1618",,,,,,,"1",
,"488",,"1208",,,,,,,"0",
,"489",,"1581",,,,,,,"1",
,"490",,"102",,,,,,,"0",
,"490",,"690",,,,,,,"1",
,"490",,"1518",,,,,,,"1",
,"491",,"795",,,,,,,"1",
,"491",,"852",,,,,,,"1",
,"491",,"968",,,,,,,"0",
,"491",,"1593",,,,,,,"0",
,"492",,"516",,,,,,,"1",
,"492",,"1078",,,,,,,"1",
,"492",,"1580",,,,,,,"0",
,"492",,"139",,,,,,,"1",
,"492",,"461",,,,,,,"0",
,"493",,"684",,,,,,,"0",
,"493",,"991",,,,,,,"1",
,"494",,"54",,,,,,,"0",
,"494",,"1324",,,,,,,"1",
,"495",,"1658",,,,,,,"0",
,"495",,"153",,,,,,,"1",
,"496",,"328",,,,,,,"0",
,"496",,"130",,,,,,,"1",
,"496",,"751",,,,,,,"1",
,"496",,"112",,,,,,,"1",
,"496",,"1476",,,,,,,"1",
,"497",,"1155",,,,,,,"0",
,"497",,"1294",,,,,,,"1",
,"497",,"950",,,,,,,"0",
,"497",,"371",,,,,,,"1",
,"498",,"1438",,,,,,,"1",
,"499",,"646",,,,,,,"1",
,"499",,"1195",,,,,,,"0",
,"499",,"1676",,,,,,,"0",
,"500",,"1366",,,,,,,"1",