"id","erid","cat","eqptstatus","eqptfunctionalstatus","userunit","catasperfrs","issuetype","dataentryclkname","datedataentry","code","regnno","nomenclature","eoavordate","pssdate","dependentwksp","dtofissue","vintagedate","wtystartdate","wtyduration","maineqptlink1","maineqptlink2","remarksasperfrs","repairprogress","tentativedaterepair","contactperson","inkm","chassisno","chassiskm","userchassiskm","userkm","usereqptstatus","userremarks","userupdate","splnotes","eqptloc","regimental_serno","disable"
"1",,"157",,,"103",,,,,,"00FN596917K","Suzuki Access 125cc",,,,"2015-08-18 00:00:00",,,,,,,,,,"137742",,,,,,,,,,,
"2",,"146",,,"110",,,,,,"00JM034823K","Eicher Canter 10.75",,,,"2014-05-28 00:00:00",,,,,,,,,,"88485",,,,,,,,,,,
"3",,"135",,,"107",,,,,,"01AD188475I","Hero Splendor Plus 100cc",,,,"2015-04-07 00:00:00",,,,,,,,,,"81816",,,,,,,,,,,
"4",,"135",,,"103",,,,,,"01AU050484F","Hero Splendor Plus 100cc",,,,"2023-09-17 00:00:00",,,,,,,,,,"197650",,,,,,,,,,,
"5",,"160",,,"92",,,,,,"01GD014460L","Tata Prima 4028 Truck",,,,"2010-06-10 00:00:00",,,,,,,,,,"124193",,,,,,,,,,,
"6",,"123",,,"86",,,,,,"01MF999204Z","LCV 2.5 Ton LPTA 713/715",,,,"2008-03-16 00:00:00",,,,,,,,,,"157458",,,,,,,,,,,
"7",,"136",,,"94",,,,,,"01MS859984H","Mahindra Commander Jeep",,,,"2006-12-10 00:00:00",,,,,,,,,,"49943",,,,,,,,,,,
"8",,"151",,,"94",,,,,,"01NX381215R","Mahindra Tractor 575 DI",,,,"2024-09-21 00:00:00",,,,,,,,,,"7489",,,,,,,,,,,
"9",,"150",,,"106",,,,,,"01PB861524K","Swaraj Tractor 744 FE",,,,"2008-01-27 00:00:00",,,,,,,,,,"64233",,,,,,,,,,,
"10",,"148",,,"99",,,,,,"01UJ842837A","JCB Excavator 3DX",,,,"2006-08-27 00:00:00",,,,,,,,,,"58919",,,,,,,,,,,
"11",,"126",,,"105",,,,,,"01WW163107G","Tata Sumo Lt Amb",,,,"2009-10-30 00:00:00",,,,,,,,,,"112366",,,,,,,,,,,
"12",,"129",,,"113",,,,,,"02HK420915H","Ashok Leyland Stallion 6x6",,,,"2005-02-22 00:00:00",,,,,,,,,,"199626",,,,,,,,,,,
"13",,"162",,,"90",,,,,,"02HL276638S","Volvo FMX 440 8x4",,,,"2013-10-02 00:00:00",,,,,,,,,,"170999",,,,,,,,,,,
"14",,"167",,,"106",,,,,,"02JL869767T","Nissan Patrol 4x4",,,,"2019-08-21 00:00:00",,,,,,,,,,"154994",,,,,,,,,,,
"15",,"165",,,"107",,,,,,"02NR065931D","Isuzu D-MAX Pickup",,,,"2009-03-27 00:00:00",,,,,,,,,,"185649",,,,,,,,,,,
"16",,"144",,,"92",,,,,,"02RS750482K","Force Motors Traveller 3050",,,,"2010-07-18 00:00:00",,,,,,,,,,"100655",,,,,,,,,,,
"17",,"132",,,"98",,,,,,"03BT065092G","Bajaj Chetak Scooter",,,,"2015-02-23 00:00:00",,,,,,,,,,"24990",,,,,,,,,,,
"18",,"158",,,"105",,,,,,"03EE157224V","Piaggio Ape Auto Rickshaw",,,,"2023-11-27 00:00:00",,,,,,,,,,"166874",,,,,,,,,,,
"19",,"153",,,"106",,,,,,"04AN814209B","Honda Activa 125cc",,,,"2017-02-09 00:00:00",,,,,,,,,,"26234",,,,,,,,,,,
"20",,"125",,,"113",,,,,,"04DQ692998Y","Swaraj Mazda",,,,"2024-05-02 00:00:00",,,,,,,,,,"141022",,,,,,,,,,,
"21",,"145",,,"100",,,,,,"04KB390191U","Ashok Leyland Bus 1616H",,,,"2018-10-05 00:00:00",,,,,,,,,,"110525",,,,,,,,,,,
"22",,"161",,,"113",,,,,,"04KG283201S","Scania P410 Tipper",,,,"2019-02-04 00:00:00",,,,,,,,,,"31410",,,,,,,,,,,
"23",,"133",,,"112",,,,,,"04KM344049W","Yezdi 250cc Motorcycle",,,,"2011-01-06 00:00:00",,,,,,,,,,"47278",,,,,,,,,,,
"24",,"127",,,"106",,,,,,"04LK623537N","LCV DCM Toyota Dyna",,,,"2009-04-21 00:00:00",,,,,,,,,,"114046",,,,,,,,,,,
"25",,"121",,,"94",,,,,,"04LR176827B","Maruti Gypsy (All Models)",,,,"2006-05-04 00:00:00",,,,,,,,,,"119391",,,,,,,,,,,
"26",,"123",,,"95",,,,,,"04MC501577F","LCV 2.5 Ton LPTA 713/715",,,,"2014-01-22 00:00:00",,,,,,,,,,"26690",,,,,,,,,,,
"27",,"142",,,"94",,,,,,"04MH660302R","Tata Indigo LS",,,,"2018-07-15 00:00:00",,,,,,,,,,"172742",,,,,,,,,,,
"28",,"128",,,"98",,,,,,"04MK813284X","Ashok Leyland Stallion 4x4",,,,"2015-01-22 00:00:00",,,,,,,,,,"110518",,,,,,,,,,,
"29",,"123",,,"115",,,,,,"04XH936076R","LCV 2.5 Ton LPTA 713/715",,,,"2009-09-03 00:00:00",,,,,,,,,,"53043",,,,,,,,,,,
"30",,"13",,,"111",,,,,,"05VM904951T","MC 100cc Hero Honda CD-100",,,,"2019-01-02 00:00:00",,,,,,,,,,"18002",,,,,,,,,,,
"31",,"141",,,"86",,,,,,"05XG016725X","Tata Indica V2 Diesel",,,,"2016-05-14 00:00:00",,,,,,,,,,"73340",,,,,,,,,,,
"32",,"156",,,"94",,,,,,"06CG104932S","Yamaha FZ-S V3 150cc",,,,"2017-12-11 00:00:00",,,,,,,,,,"26113",,,,,,,,,,,
"33",,"133",,,"112",,,,,,"06JT530341K","Yezdi 250cc Motorcycle",,,,"2014-04-24 00:00:00",,,,,,,,,,"57339",,,,,,,,,,,
"34",,"137",,,"102",,,,,,"06NR182997F","Mahindra Bolero SLX",,,,"2009-04-06 00:00:00",,,,,,,,,,"32415",,,,,,,,,,,
"35",,"156",,,"87",,,,,,"06WD861638Q","Yamaha FZ-S V3 150cc",,,,"2019-10-16 00:00:00",,,,,,,,,,"10052",,,,,,,,,,,
"36",,"149",,,"109",,,,,,"07BN212050A","Escort Tractor 60 HP",,,,"2005-11-10 00:00:00",,,,,,,,,,"128166",,,,,,,,,,,
"37",,"14",,,"91",,,,,,"07HM754076C","M/C 350cc R/E",,,,"2019-04-26 00:00:00",,,,,,,,,,"33954",,,,,,,,,,,
"38",,"155",,,"104",,,,,,"07JL342035M","Yamaha RX-100",,,,"2022-02-03 00:00:00",,,,,,,,,,"194637",,,,,,,,,,,
"39",,"146",,,"109",,,,,,"07QU283569X","Eicher Canter 10.75",,,,"2022-01-25 00:00:00",,,,,,,,,,"148270",,,,,,,,,,,
"40",,"166",,,"107",,,,,,"08AX189234O","Toyota Hilux Pickup",,,,"2014-11-15 00:00:00",,,,,,,,,,"75694",,,,,,,,,,,
"41",,"160",,,"95",,,,,,"08CC344867H","Tata Prima 4028 Truck",,,,"2010-04-03 00:00:00",,,,,,,,,,"116695",,,,,,,,,,,
"42",,"140",,,"101",,,,,,"08IV687825H","Maruti Zen (All Models)",,,,"2019-03-27 00:00:00",,,,,,,,,,"144156",,,,,,,,,,,
"43",,"140",,,"95",,,,,,"08IX790996F","Maruti Zen (All Models)",,,,"2015-10-06 00:00:00",,,,,,,,,,"96631",,,,,,,,,,,
"44",,"148",,,"103",,,,,,"08RY761017U","JCB Excavator 3DX",,,,"2006-07-16 00:00:00",,,,,,,,,,"169996",,,,,,,,,,,
"45",,"122",,,"104",,,,,,"08TA929450U","Jeep M&M 550XD",,,,"2005-05-19 00:00:00",,,,,,,,,,"113973",,,,,,,,,,,
"46",,"157",,,"86",,,,,,"08WB850276W","Suzuki Access 125cc",,,,"2005-10-02 00:00:00",,,,,,,,,,"120576",,,,,,,,,,,
"47",,"13",,,"114",,,,,,"09BH071711O","MC 100cc Hero Honda CD-100",,,,"2019-07-09 00:00:00",,,,,,,,,,"93756",,,,,,,,,,,
"48",,"14",,,"90",,,,,,"09EJ331178E","M/C 350cc R/E",,,,"2009-05-25 00:00:00",,,,,,,,,,"54792",,,,,,,,,,,
"49",,"147",,,"113",,,,,,"09FG059370E","BEML Dozer BD-80",,,,"2010-06-24 00:00:00",,,,,,,,,,"23357",,,,,,,,,,,
"50",,"14",,,"90",,,,,,"09GE053628O","M/C 350cc R/E",,,,"2012-10-31 00:00:00",,,,,,,,,,"188064",,,,,,,,,,,
"51",,"150",,,"110",,,,,,"09HH649536O","Swaraj Tractor 744 FE",,,,"2013-04-29 00:00:00",,,,,,,,,,"12862",,,,,,,,,,,
"52",,"149",,,"93",,,,,,"09NQ414951C","Escort Tractor 60 HP",,,,"2020-11-03 00:00:00",,,,,,,,,,"139561",,,,,,,,,,,
"53",,"134",,,"100",,,,,,"10AD223506S","Royal Enfield 500cc Classic",,,,"2018-08-25 00:00:00",,,,,,,,,,"60391",,,,,,,,,,,
"54",,"134",,,"106",,,,,,"10AJ835320Z","Royal Enfield 500cc Classic",,,,"2018-05-03 00:00:00",,,,,,,,,,"55039",,,,,,,,,,,
"55",,"141",,,"102",,,,,,"10BW223097Z","Tata Indica V2 Diesel",,,,"2014-02-12 00:00:00",,,,,,,,,,"44166",,,,,,,,,,,
"56",,"162",,,"99",,,,,,"10DL672525S","Volvo FMX 440 8x4",,,,"2010-12-19 00:00:00",,,,,,,,,,"171575",,,,,,,,,,,
"57",,"147",,,"92",,,,,,"10DR829101K","BEML Dozer BD-80",,,,"2015-08-05 00:00:00",,,,,,,,,,"115387",,,,,,,,,,,
"58",,"164",,,"87",,,,,,"10KW701715I","MAN CLA 49.280 Tractor",,,,"2022-10-20 00:00:00",,,,,,,,,,"15299",,,,,,,,,,,
"59",,"125",,,"97",,,,,,"10YJ002250J","Swaraj Mazda",,,,"2006-09-09 00:00:00",,,,,,,,,,"182771",,,,,,,,,,,
"60",,"136",,,"108",,,,,,"10ZG367071S","Mahindra Commander Jeep",,,,"2024-09-19 00:00:00",,,,,,,,,,"75079",,,,,,,,,,,
"61",,"13",,,"93",,,,,,"11AD497134L","MC 100cc Hero Honda CD-100",,,,"2008-03-17 00:00:00",,,,,,,,,,"4622",,,,,,,,,,,
"62",,"125",,,"105",,,,,,"11BB993840O","Swaraj Mazda",,,,"2016-08-17 00:00:00",,,,,,,,,,"107264",,,,,,,,,,,
"63",,"135",,,"101",,,,,,"12FE481338T","Hero Splendor Plus 100cc",,,,"2022-05-13 00:00:00",,,,,,,,,,"142275",,,,,,,,,,,
"64",,"144",,,"105",,,,,,"12IW391673L","Force Motors Traveller 3050",,,,"2008-04-01 00:00:00",,,,,,,,,,"162237",,,,,,,,,,,
"65",,"125",,,"105",,,,,,"12ND311187J","Swaraj Mazda",,,,"2007-01-03 00:00:00",,,,,,,,,,"103569",,,,,,,,,,,
"66",,"142",,,"92",,,,,,"12NY416132S","Tata Indigo LS",,,,"2010-10-03 00:00:00",,,,,,,,,,"137648",,,,,,,,,,,
"67",,"123",,,"110",,,,,,"12QY560516T","LCV 2.5 Ton LPTA 713/715",,,,"2014-03-15 00:00:00",,,,,,,,,,"126439",,,,,,,,,,,
"68",,"130",,,"108",,,,,,"13BP395561O","Tata 407 LPT",,,,"2023-06-05 00:00:00",,,,,,,,,,"107763",,,,,,,,,,,
"69",,"141",,,"108",,,,,,"13IY243415Z","Tata Indica V2 Diesel",,,,"2014-02-07 00:00:00",,,,,,,,,,"88025",,,,,,,,,,,
"70",,"156",,,"94",,,,,,"13IZ882737V","Yamaha FZ-S V3 150cc",,,,"2023-05-23 00:00:00",,,,,,,,,,"163248",,,,,,,,,,,
"71",,"141",,,"100",,,,,,"13LG588489Q","Tata Indica V2 Diesel",,,,"2022-08-11 00:00:00",,,,,,,,,,"47315",,,,,,,,,,,
"72",,"127",,,"110",,,,,,"13VR283214R","LCV DCM Toyota Dyna",,,,"2011-03-27 00:00:00",,,,,,,,,,"118786",,,,,,,,,,,
"73",,"150",,,"100",,,,,,"13XL352069C","Swaraj Tractor 744 FE",,,,"2007-02-01 00:00:00",,,,,,,,,,"76740",,,,,,,,,,,
"74",,"158",,,"105",,,,,,"14EI648036K","Piaggio Ape Auto Rickshaw",,,,"2021-09-19 00:00:00",,,,,,,,,,"53875",,,,,,,,,,,
"75",,"153",,,"91",,,,,,"14IW304610Q","Honda Activa 125cc",,,,"2010-11-02 00:00:00",,,,,,,,,,"90003",,,,,,,,,,,
"76",,"161",,,"91",,,,,,"14VA666745Q","Scania P410 Tipper",,,,"2005-07-11 00:00:00",,,,,,,,,,"109130",,,,,,,,,,,
"77",,"145",,,"104",,,,,,"14XA229610Z","Ashok Leyland Bus 1616H",,,,"2009-08-18 00:00:00",,,,,,,,,,"145405",,,,,,,,,,,
"78",,"135",,,"92",,,,,,"15JK775134R","Hero Splendor Plus 100cc",,,,"2021-03-28 00:00:00",,,,,,,,,,"192944",,,,,,,,,,,
"79",,"129",,,"97",,,,,,"15TC598304U","Ashok Leyland Stallion 6x6",,,,"2010-07-15 00:00:00",,,,,,,,,,"141059",,,,,,,,,,,
"80",,"120",,,"89",,,,,,"16BV188782W","Car Ambassador 1800 ISZU (with MPFI & w/o MPFI)",,,,"2017-11-27 00:00:00",,,,,,,,,,"104822",,,,,,,,,,,
"81",,"14",,,"113",,,,,,"16BX912212G","M/C 350cc R/E",,,,"2014-03-29 00:00:00",,,,,,,,,,"154802",,,,,,,,,,,
"82",,"123",,,"102",,,,,,"16CK727417D","LCV 2.5 Ton LPTA 713/715",,,,"2010-09-13 00:00:00",,,,,,,,,,"25404",,,,,,,,,,,
"83",,"145",,,"90",,,,,,"16NY319422P","Ashok Leyland Bus 1616H",,,,"2015-03-21 00:00:00",,,,,,,,,,"12597",,,,,,,,,,,
"84",,"136",,,"100",,,,,,"16ZO644058A","Mahindra Commander Jeep",,,,"2016-01-10 00:00:00",,,,,,,,,,"197187",,,,,,,,,,,
"85",,"141",,,"86",,,,,,"17GH809481R","Tata Indica V2 Diesel",,,,"2015-05-18 00:00:00",,,,,,,,,,"6622",,,,,,,,,,,
"86",,"159",,,"104",,,,,,"17OP148221N","Ashok Leyland Hippo 10x10",,,,"2022-04-24 00:00:00",,,,,,,,,,"102579",,,,,,,,,,,
"87",,"158",,,"113",,,,,,"17UT155413Z","Piaggio Ape Auto Rickshaw",,,,"2017-12-11 00:00:00",,,,,,,,,,"25966",,,,,,,,,,,
"88",,"139",,,"86",,,,,,"18GC973149C","Maruti Esteem 1300cc",,,,"2016-02-02 00:00:00",,,,,,,,,,"56171",,,,,,,,,,,
"89",,"164",,,"112",,,,,,"18KO877597X","MAN CLA 49.280 Tractor",,,,"2011-06-29 00:00:00",,,,,,,,,,"177630",,,,,,,,,,,
"90",,"150",,,"86",,,,,,"18MB770572U","Swaraj Tractor 744 FE",,,,"2021-11-23 00:00:00",,,,,,,,,,"147514",,,,,,,,,,,
"91",,"147",,,"98",,,,,,"18ZV464575R","BEML Dozer BD-80",,,,"2012-03-13 00:00:00",,,,,,,,,,"174846",,,,,,,,,,,
"92",,"127",,,"106",,,,,,"19GA300833C","LCV DCM Toyota Dyna",,,,"2024-06-22 00:00:00",,,,,,,,,,"116846",,,,,,,,,,,
"93",,"150",,,"96",,,,,,"19GV438353K","Swaraj Tractor 744 FE",,,,"2005-07-16 00:00:00",,,,,,,,,,"65500",,,,,,,,,,,
"94",,"163",,,"110",,,,,,"19KD971961D","Mercedes-Benz Actros 4841K",,,,"2008-05-07 00:00:00",,,,,,,,,,"132888",,,,,,,,,,,
"95",,"127",,,"103",,,,,,"19MN463757S","LCV DCM Toyota Dyna",,,,"2017-10-12 00:00:00",,,,,,,,,,"8550",,,,,,,,,,,
"96",,"137",,,"108",,,,,,"19ZR345629Q","Mahindra Bolero SLX",,,,"2009-01-30 00:00:00",,,,,,,,,,"11294",,,,,,,,,,,
"97",,"146",,,"99",,,,,,"20WD395825I","Eicher Canter 10.75",,,,"2009-11-09 00:00:00",,,,,,,,,,"59873",,,,,,,,,,,
"98",,"124",,,"106",,,,,,"20XW847532S","Tata 3/5 Ton-1015TC/36 & 42 FAT",,,,"2019-02-01 00:00:00",,,,,,,,,,"41122",,,,,,,,,,,
"99",,"14",,,"113",,,,,,"20YZ537288R","M/C 350cc R/E",,,,"2012-09-19 00:00:00",,,,,,,,,,"13333",,,,,,,,,,,
"100",,"140",,,"88",,,,,,"21CU970623A","Maruti Zen (All Models)",,,,"2024-08-18 00:00:00",,,,,,,,,,"107451",,,,,,,,,,,
"101",,"129",,,"105",,,,,,"21GC893629E","Ashok Leyland Stallion 6x6",,,,"2012-10-24 00:00:00",,,,,,,,,,"168054",,,,,,,,,,,
"102",,"155",,,"101",,,,,,"21GV585596E","Yamaha RX-100",,,,"2024-02-27 00:00:00",,,,,,,,,,"90699",,,,,,,,,,,
"103",,"120",,,"106",,,,,,"21HT965843F","Car Ambassador 1800 ISZU (with MPFI & w/o MPFI)",,,,"2014-03-22 00:00:00",,,,,,,,,,"198395",,,,,,,,,,,
"104",,"124",,,"115",,,,,,"21OA277046E","Tata 3/5 Ton-1015TC/36 & 42 FAT",,,,"2021-03-16 00:00:00",,,,,,,,,,"94804",,,,,,,,,,,
"105",,"120",,,"99",,,,,,"22FG376818D","Car Ambassador 1800 ISZU (with MPFI & w/o MPFI)",,,,"2014-10-20 00:00:00",,,,,,,,,,"79844",,,,,,,,,,,
"106",,"125",,,"94",,,,,,"22UB545728D","Swaraj Mazda",,,,"2005-08-16 00:00:00",,,,,,,,,,"74718",,,,,,,,,,,
"107",,"160",,,"91",,,,,,"22UL597502C","Tata Prima 4028 Truck",,,,"2023-09-23 00:00:00",,,,,,,,,,"196296",,,,,,,,,,,
"108",,"151",,,"98",,,,,,"23EV708425O","Mahindra Tractor 575 DI",,,,"2019-07-19 00:00:00",,,,,,,,,,"161988",,,,,,,,,,,
"109",,"121",,,"113",,,,,,"23JA912834A","Maruti Gypsy (All Models)",,,,"2024-04-26 00:00:00",,,,,,,,,,"47230",,,,,,,,,,,
"110",,"163",,,"91",,,,,,"23QP664736S","Mercedes-Benz Actros 4841K",,,,"2023-05-20 00:00:00",,,,,,,,,,"138033",,,,,,,,,,,
"111",,"120",,,"88",,,,,,"23YL479386H","Car Ambassador 1800 ISZU (with MPFI & w/o MPFI)",,,,"2017-10-29 00:00:00",,,,,,,,,,"33072",,,,,,,,,,,
"112",,"154",,,"93",,,,,,"24AH246808P","TVS Apache RTR 160cc",,,,"2010-07-14 00:00:00",,,,,,,,,,"19449",,,,,,,,,,,
"113",,"168",,,"115",,,,,,"24KF397317Y","Land Rover Defender 110",,,,"2014-12-01 00:00:00",,,,,,,,,,"171174",,,,,,,,,,,
"114",,"136",,,"103",,,,,,"24NC408819H","Mahindra Commander Jeep",,,,"2022-01-08 00:00:00",,,,,,,,,,"89290",,,,,,,,,,,
"115",,"120",,,"103",,,,,,"24PU657447R","Car Ambassador 1800 ISZU (with MPFI & w/o MPFI)",,,,"2006-06-29 00:00:00",,,,,,,,,,"77697",,,,,,,,,,,
"116",,"158",,,"112",,,,,,"24QJ874671Y","Piaggio Ape Auto Rickshaw",,,,"2021-08-17 00:00:00",,,,,,,,,,"156787",,,,,,,,,,,
"117",,"121",,,"91",,,,,,"24RL449978S","Maruti Gypsy (All Models)",,,,"2014-11-03 00:00:00",,,,,,,,,,"171835",,,,,,,,,,,
"118",,"122",,,"111",,,,,,"24TF991017A","Jeep M&M 550XD",,,,"2014-08-03 00:00:00",,,,,,,,,,"45191",,,,,,,,,,,
"119",,"128",,,"108",,,,,,"24UJ067797S","Ashok Leyland Stallion 4x4",,,,"2012-05-23 00:00:00",,,,,,,,,,"104884",,,,,,,,,,,
"120",,"139",,,"100",,,,,,"24VR042051Z","Maruti Esteem 1300cc",,,,"2011-11-05 00:00:00",,,,,,,,,,"199371",,,,,,,,,,,
"121",,"157",,,"88",,,,,,"25BE044834Q","Suzuki Access 125cc",,,,"2018-02-26 00:00:00",,,,,,,,,,"187396",,,,,,,,,,,
"122",,"132",,,"99",,,,,,"25GZ280999L","Bajaj Chetak Scooter",,,,"2016-12-04 00:00:00",,,,,,,,,,"94615",,,,,,,,,,,
"123",,"123",,,"111",,,,,,"25IU118750O","LCV 2.5 Ton LPTA 713/715",,,,"2023-02-19 00:00:00",,,,,,,,,,"184551",,,,,,,,,,,
"124",,"154",,,"100",,,,,,"25JJ013494W","TVS Apache RTR 160cc",,,,"2015-05-28 00:00:00",,,,,,,,,,"32655",,,,,,,,,,,
"125",,"162",,,"100",,,,,,"25TD649993X","Volvo FMX 440 8x4",,,,"2008-01-28 00:00:00",,,,,,,,,,"75823",,,,,,,,,,,
"126",,"157",,,"108",,,,,,"25TU195799U","Suzuki Access 125cc",,,,"2010-01-27 00:00:00",,,,,,,,,,"114009",,,,,,,,,,,
"127",,"141",,,"103",,,,,,"25YW510266U","Tata Indica V2 Diesel",,,,"2017-11-18 00:00:00",,,,,,,,,,"117531",,,,,,,,,,,
"128",,"167",,,"96",,,,,,"25ZL148940Y","Nissan Patrol 4x4",,,,"2017-02-17 00:00:00",,,,,,,,,,"178519",,,,,,,,,,,
"129",,"127",,,"107",,,,,,"25ZQ521820Z","LCV DCM Toyota Dyna",,,,"2021-02-12 00:00:00",,,,,,,,,,"13776",,,,,,,,,,,
"130",,"162",,,"111",,,,,,"26AM405967T","Volvo FMX 440 8x4",,,,"2014-09-22 00:00:00",,,,,,,,,,"119816",,,,,,,,,,,
"131",,"158",,,"113",,,,,,"26FV429989E","Piaggio Ape Auto Rickshaw",,,,"2008-11-17 00:00:00",,,,,,,,,,"139995",,,,,,,,,,,
"132",,"160",,,"87",,,,,,"26NA677134B","Tata Prima 4028 Truck",,,,"2019-10-01 00:00:00",,,,,,,,,,"167038",,,,,,,,,,,
"133",,"147",,,"95",,,,,,"26PM483278G","BEML Dozer BD-80",,,,"2024-08-10 00:00:00",,,,,,,,,,"162595",,,,,,,,,,,
"134",,"13",,,"107",,,,,,"26QC205150F","MC 100cc Hero Honda CD-100",,,,"2005-08-28 00:00:00",,,,,,,,,,"158113",,,,,,,,,,,
"135",,"163",,,"112",,,,,,"27EY224774I","Mercedes-Benz Actros 4841K",,,,"2007-11-28 00:00:00",,,,,,,,,,"127703",,,,,,,,,,,
"136",,"168",,,"96",,,,,,"27ML509010Z","Land Rover Defender 110",,,,"2023-06-22 00:00:00",,,,,,,,,,"178683",,,,,,,,,,,
"137",,"149",,,"93",,,,,,"27WZ723934X","Escort Tractor 60 HP",,,,"2015-01-21 00:00:00",,,,,,,,,,"109781",,,,,,,,,,,
"138",,"128",,,"109",,,,,,"27XE760817Y","Ashok Leyland Stallion 4x4",,,,"2019-08-11 00:00:00",,,,,,,,,,"21025",,,,,,,,,,,
"139",,"167",,,"96",,,,,,"28EE481062F","Nissan Patrol 4x4",,,,"2010-09-21 00:00:00",,,,,,,,,,"73064",,,,,,,,,,,
"140",,"128",,,"99",,,,,,"28GE506506P","Ashok Leyland Stallion 4x4",,,,"2006-04-14 00:00:00",,,,,,,,,,"106840",,,,,,,,,,,
"141",,"168",,,"92",,,,,,"28PF203222H","Land Rover Defender 110",,,,"2011-05-03 00:00:00",,,,,,,,,,"80210",,,,,,,,,,,
"142",,"132",,,"99",,,,,,"28TE295162N","Bajaj Chetak Scooter",,,,"2015-11-06 00:00:00",,,,,,,,,,"96864",,,,,,,,,,,
"143",,"138",,,"96",,,,,,"28WY939134S","Maruti Suzuki Omni Van",,,,"2010-02-11 00:00:00",,,,,,,,,,"187652",,,,,,,,,,,
"144",,"134",,,"110",,,,,,"28ZA252550G","Royal Enfield 500cc Classic",,,,"2021-04-06 00:00:00",,,,,,,,,,"37081",,,,,,,,,,,
"145",,"153",,,"113",,,,,,"29VE043869X","Honda Activa 125cc",,,,"2020-09-28 00:00:00",,,,,,,,,,"114705",,,,,,,,,,,
"146",,"168",,,"87",,,,,,"30DL565351V","Land Rover Defender 110",,,,"2014-02-13 00:00:00",,,,,,,,,,"153835",,,,,,,,,,,
"147",,"162",,,"96",,,,,,"30DX207300R","Volvo FMX 440 8x4",,,,"2010-02-22 00:00:00",,,,,,,,,,"160239",,,,,,,,,,,
"148",,"167",,,"91",,,,,,"30FA021735I","Nissan Patrol 4x4",,,,"2023-08-31 00:00:00",,,,,,,,,,"144872",,,,,,,,,,,
"149",,"13",,,"96",,,,,,"30MK990363R","MC 100cc Hero Honda CD-100",,,,"2015-11-27 00:00:00",,,,,,,,,,"109915",,,,,,,,,,,
"150",,"128",,,"96",,,,,,"30MO543770J","Ashok Leyland Stallion 4x4",,,,"2009-04-03 00:00:00",,,,,,,,,,"54946",,,,,,,,,,,
"151",,"120",,,"108",,,,,,"31AL267779O","Car Ambassador 1800 ISZU (with MPFI & w/o MPFI)",,,,"2016-08-28 00:00:00",,,,,,,,,,"195130",,,,,,,,,,,
"152",,"160",,,"96",,,,,,"31AU148495G","Tata Prima 4028 Truck",,,,"2010-04-13 00:00:00",,,,,,,,,,"44296",,,,,,,,,,,
"153",,"148",,,"96",,,,,,"31HO330225F","JCB Excavator 3DX",,,,"2011-04-04 00:00:00",,,,,,,,,,"62922",,,,,,,,,,,
"154",,"126",,,"91",,,,,,"31JJ408479P","Tata Sumo Lt Amb",,,,"2019-07-28 00:00:00",,,,,,,,,,"58034",,,,,,,,,,,
"155",,"162",,,"115",,,,,,"31OL357977B","Volvo FMX 440 8x4",,,,"2011-05-20 00:00:00",,,,,,,,,,"94003",,,,,,,,,,,
"156",,"167",,,"112",,,,,,"31PL886267L","Nissan Patrol 4x4",,,,"2018-08-09 00:00:00",,,,,,,,,,"12873",,,,,,,,,,,
"157",,"134",,,"109",,,,,,"31UJ654889A","Royal Enfield 500cc Classic",,,,"2011-05-01 00:00:00",,,,,,,,,,"4664",,,,,,,,,,,
"158",,"167",,,"109",,,,,,"31ZI576178R","Nissan Patrol 4x4",,,,"2008-12-06 00:00:00",,,,,,,,,,"47039",,,,,,,,,,,
"159",,"141",,,"99",,,,,,"31ZJ849764K","Tata Indica V2 Diesel",,,,"2013-09-28 00:00:00",,,,,,,,,,"186428",,,,,,,,,,,
"160",,"130",,,"114",,,,,,"32OL774571A","Tata 407 LPT",,,,"2023-01-21 00:00:00",,,,,,,,,,"19095",,,,,,,,,,,
"161",,"129",,,"112",,,,,,"32RL919412R","Ashok Leyland Stallion 6x6",,,,"2010-07-01 00:00:00",,,,,,,,,,"64781",,,,,,,,,,,
"162",,"144",,,"110",,,,,,"32TJ705092B","Force Motors Traveller 3050",,,,"2011-04-16 00:00:00",,,,,,,,,,"96928",,,,,,,,,,,
"163",,"143",,,"96",,,,,,"32XG606964U","Tata Safari Dicor 2.2",,,,"2016-01-20 00:00:00",,,,,,,,,,"143267",,,,,,,,,,,
"164",,"146",,,"106",,,,,,"32XO973226R","Eicher Canter 10.75",,,,"2018-01-20 00:00:00",,,,,,,,,,"97362",,,,,,,,,,,
"165",,"130",,,"102",,,,,,"32YF527182F","Tata 407 LPT",,,,"2005-09-22 00:00:00",,,,,,,,,,"13103",,,,,,,,,,,
"166",,"121",,,"104",,,,,,"33DK642364I","Maruti Gypsy (All Models)",,,,"2007-10-30 00:00:00",,,,,,,,,,"6945",,,,,,,,,,,
"167",,"129",,,"92",,,,,,"33EJ940439A","Ashok Leyland Stallion 6x6",,,,"2015-01-06 00:00:00",,,,,,,,,,"181245",,,,,,,,,,,
"168",,"145",,,"107",,,,,,"33HL056686D","Ashok Leyland Bus 1616H",,,,"2006-07-12 00:00:00",,,,,,,,,,"120197",,,,,,,,,,,
"169",,"138",,,"113",,,,,,"33JN944271C","Maruti Suzuki Omni Van",,,,"2015-08-18 00:00:00",,,,,,,,,,"33908",,,,,,,,,,,
"170",,"128",,,"109",,,,,,"33PS077828P","Ashok Leyland Stallion 4x4",,,,"2006-05-18 00:00:00",,,,,,,,,,"134593",,,,,,,,,,,
"171",,"143",,,"93",,,,,,"33UT270576Z","Tata Safari Dicor 2.2",,,,"2007-07-18 00:00:00",,,,,,,,,,"78400",,,,,,,,,,,
"172",,"164",,,"96",,,,,,"34AA230596O","MAN CLA 49.280 Tractor",,,,"2015-07-31 00:00:00",,,,,,,,,,"199698",,,,,,,,,,,
"173",,"123",,,"95",,,,,,"34MZ647447M","LCV 2.5 Ton LPTA 713/715",,,,"2006-07-03 00:00:00",,,,,,,,,,"22970",,,,,,,,,,,
"174",,"143",,,"91",,,,,,"34ZI026011Q","Tata Safari Dicor 2.2",,,,"2010-10-15 00:00:00",,,,,,,,,,"152267",,,,,,,,,,,
"175",,"135",,,"93",,,,,,"35AO654053W","Hero Splendor Plus 100cc",,,,"2010-09-08 00:00:00",,,,,,,,,,"34647",,,,,,,,,,,
"176",,"153",,,"105",,,,,,"35EN397125F","Honda Activa 125cc",,,,"2005-08-05 00:00:00",,,,,,,,,,"2962",,,,,,,,,,,
"177",,"146",,,"95",,,,,,"35FX923792X","Eicher Canter 10.75",,,,"2005-11-13 00:00:00",,,,,,,,,,"146285",,,,,,,,,,,
"178",,"150",,,"91",,,,,,"35HO509629N","Swaraj Tractor 744 FE",,,,"2018-08-15 00:00:00",,,,,,,,,,"66247",,,,,,,,,,,
"179",,"159",,,"110",,,,,,"35OW836903K","Ashok Leyland Hippo 10x10",,,,"2024-12-06 00:00:00",,,,,,,,,,"195998",,,,,,,,,,,
"180",,"137",,,"94",,,,,,"36AY268189O","Mahindra Bolero SLX",,,,"2016-07-02 00:00:00",,,,,,,,,,"177344",,,,,,,,,,,
"181",,"127",,,"92",,,,,,"36CS411944E","LCV DCM Toyota Dyna",,,,"2012-05-18 00:00:00",,,,,,,,,,"88767",,,,,,,,,,,
"182",,"165",,,"104",,,,,,"36DV126386Y","Isuzu D-MAX Pickup",,,,"2020-09-02 00:00:00",,,,,,,,,,"197244",,,,,,,,,,,
"183",,"165",,,"111",,,,,,"36GD233336G","Isuzu D-MAX Pickup",,,,"2018-04-03 00:00:00",,,,,,,,,,"149835",,,,,,,,,,,
"184",,"168",,,"103",,,,,,"36HC238185S","Land Rover Defender 110",,,,"2017-11-25 00:00:00",,,,,,,,,,"76720",,,,,,,,,,,
"185",,"162",,,"108",,,,,,"36HN441033V","Volvo FMX 440 8x4",,,,"2012-11-17 00:00:00",,,,,,,,,,"22617",,,,,,,,,,,
"186",,"121",,,"99",,,,,,"37HK884477T","Maruti Gypsy (All Models)",,,,"2015-09-22 00:00:00",,,,,,,,,,"168601",,,,,,,,,,,
"187",,"126",,,"108",,,,,,"37LR146087M","Tata Sumo Lt Amb",,,,"2020-02-13 00:00:00",,,,,,,,,,"1078",,,,,,,,,,,
"188",,"130",,,"98",,,,,,"37QK320155T","Tata 407 LPT",,,,"2014-12-24 00:00:00",,,,,,,,,,"47262",,,,,,,,,,,
"189",,"151",,,"97",,,,,,"38ER869748T","Mahindra Tractor 575 DI",,,,"2024-12-04 00:00:00",,,,,,,,,,"22604",,,,,,,,,,,
"190",,"164",,,"107",,,,,,"38JY761010P","MAN CLA 49.280 Tractor",,,,"2022-02-18 00:00:00",,,,,,,,,,"64427",,,,,,,,,,,
"191",,"148",,,"107",,,,,,"38OI421521Q","JCB Excavator 3DX",,,,"2024-08-20 00:00:00",,,,,,,,,,"152214",,,,,,,,,,,
"192",,"13",,,"112",,,,,,"39CQ717216H","MC 100cc Hero Honda CD-100",,,,"2012-08-01 00:00:00",,,,,,,,,,"68343",,,,,,,,,,,
"193",,"148",,,"86",,,,,,"39EP720840H","JCB Excavator 3DX",,,,"2007-10-01 00:00:00",,,,,,,,,,"149051",,,,,,,,,,,
"194",,"14",,,"110",,,,,,"39MJ170737J","M/C 350cc R/E",,,,"2010-10-02 00:00:00",,,,,,,,,,"184279",,,,,,,,,,,
"195",,"150",,,"108",,,,,,"39NU495790K","Swaraj Tractor 744 FE",,,,"2018-05-22 00:00:00",,,,,,,,,,"129873",,,,,,,,,,,
"196",,"149",,,"101",,,,,,"39QH050653W","Escort Tractor 60 HP",,,,"2024-11-11 00:00:00",,,,,,,,,,"23991",,,,,,,,,,,
"197",,"125",,,"103",,,,,,"39UN570795S","Swaraj Mazda",,,,"2008-10-29 00:00:00",,,,,,,,,,"108361",,,,,,,,,,,
"198",,"140",,,"111",,,,,,"39VM248477N","Maruti Zen (All Models)",,,,"2019-10-29 00:00:00",,,,,,,,,,"51440",,,,,,,,,,,
"199",,"139",,,"88",,,,,,"39ZW347255D","Maruti Esteem 1300cc",,,,"2009-11-23 00:00:00",,,,,,,,,,"150415",,,,,,,,,,,
"200",,"140",,,"101",,,,,,"40BC946728A","Maruti Zen (All Models)",,,,"2009-11-17 00:00:00",,,,,,,,,,"76619",,,,,,,,,,,
"201",,"129",,,"100",,,,,,"40OR017568I","Ashok Leyland Stallion 6x6",,,,"2007-01-15 00:00:00",,,,,,,,,,"182463",,,,,,,,,,,
"202",,"164",,,"98",,,,,,"40SD432410C","MAN CLA 49.280 Tractor",,,,"2017-05-14 00:00:00",,,,,,,,,,"46106",,,,,,,,,,,
"203",,"121",,,"104",,,,,,"40UD762498J","Maruti Gypsy (All Models)",,,,"2021-05-28 00:00:00",,,,,,,,,,"102324",,,,,,,,,,,
"204",,"150",,,"107",,,,,,"41IM386477M","Swaraj Tractor 744 FE",,,,"2006-04-06 00:00:00",,,,,,,,,,"16363",,,,,,,,,,,
"205",,"132",,,"87",,,,,,"41ND820412R","Bajaj Chetak Scooter",,,,"2014-07-28 00:00:00",,,,,,,,,,"97624",,,,,,,,,,,
"206",,"127",,,"102",,,,,,"41YC484887Y","LCV DCM Toyota Dyna",,,,"2014-03-27 00:00:00",,,,,,,,,,"84923",,,,,,,,,,,
"207",,"127",,,"105",,,,,,"42HM121108I","LCV DCM Toyota Dyna",,,,"2011-06-09 00:00:00",,,,,,,,,,"85204",,,,,,,,,,,
"208",,"151",,,"101",,,,,,"42IB227901Y","Mahindra Tractor 575 DI",,,,"2013-05-08 00:00:00",,,,,,,,,,"20774",,,,,,,,,,,
"209",,"166",,,"93",,,,,,"42IZ852139Q","Toyota Hilux Pickup",,,,"2010-12-08 00:00:00",,,,,,,,,,"29330",,,,,,,,,,,
"210",,"149",,,"97",,,,,,"42MQ721562E","Escort Tractor 60 HP",,,,"2008-11-09 00:00:00",,,,,,,,,,"153442",,,,,,,,,,,
"211",,"153",,,"95",,,,,,"42PY298614M","Honda Activa 125cc",,,,"2013-03-31 00:00:00",,,,,,,,,,"38685",,,,,,,,,,,
"212",,"156",,,"97",,,,,,"43EJ199436K","Yamaha FZ-S V3 150cc",,,,"2009-10-20 00:00:00",,,,,,,,,,"109574",,,,,,,,,,,
"213",,"163",,,"110",,,,,,"43GK530479C","Mercedes-Benz Actros 4841K",,,,"2007-08-27 00:00:00",,,,,,,,,,"177994",,,,,,,,,,,
"214",,"13",,,"111",,,,,,"43IM539713G","MC 100cc Hero Honda CD-100",,,,"2020-05-17 00:00:00",,,,,,,,,,"84295",,,,,,,,,,,
"215",,"159",,,"114",,,,,,"43OH940776F","Ashok Leyland Hippo 10x10",,,,"2022-10-27 00:00:00",,,,,,,,,,"47377",,,,,,,,,,,
"216",,"126",,,"89",,,,,,"43OY760144W","Tata Sumo Lt Amb",,,,"2007-03-19 00:00:00",,,,,,,,,,"43479",,,,,,,,,,,
"217",,"160",,,"87",,,,,,"43SR096544R","Tata Prima 4028 Truck",,,,"2015-03-10 00:00:00",,,,,,,,,,"129677",,,,,,,,,,,
"218",,"131",,,"105",,,,,,"44AA650026T","Tata 709 LPTA",,,,"2007-08-31 00:00:00",,,,,,,,,,"192021",,,,,,,,,,,
"219",,"14",,,"101",,,,,,"44GV491680P","M/C 350cc R/E",,,,"2011-04-28 00:00:00",,,,,,,,,,"33400",,,,,,,,,,,
"220",,"166",,,"114",,,,,,"44MJ668814X","Toyota Hilux Pickup",,,,"2012-04-11 00:00:00",,,,,,,,,,"49374",,,,,,,,,,,
"221",,"143",,,"100",,,,,,"44MJ967005M","Tata Safari Dicor 2.2",,,,"2008-02-01 00:00:00",,,,,,,,,,"63532",,,,,,,,,,,
"222",,"121",,,"97",,,,,,"44ML663011V","Maruti Gypsy (All Models)",,,,"2005-12-31 00:00:00",,,,,,,,,,"88131",,,,,,,,,,,
"223",,"147",,,"98",,,,,,"44TB528394H","BEML Dozer BD-80",,,,"2021-07-29 00:00:00",,,,,,,,,,"14197",,,,,,,,,,,
"224",,"152",,,"105",,,,,,"44XW094630W","Hero Passion Pro 110cc",,,,"2014-12-19 00:00:00",,,,,,,,,,"65827",,,,,,,,,,,
"225",,"140",,,"99",,,,,,"45OP829970U","Maruti Zen (All Models)",,,,"2018-01-09 00:00:00",,,,,,,,,,"39985",,,,,,,,,,,
"226",,"132",,,"108",,,,,,"45ZX849850E","Bajaj Chetak Scooter",,,,"2007-08-25 00:00:00",,,,,,,,,,"146607",,,,,,,,,,,
"227",,"124",,,"114",,,,,,"46JZ541058F","Tata 3/5 Ton-1015TC/36 & 42 FAT",,,,"2015-11-19 00:00:00",,,,,,,,,,"80884",,,,,,,,,,,
"228",,"130",,,"103",,,,,,"46SH392527O","Tata 407 LPT",,,,"2013-06-08 00:00:00",,,,,,,,,,"151418",,,,,,,,,,,
"229",,"168",,,"104",,,,,,"46XT138741G","Land Rover Defender 110",,,,"2006-04-11 00:00:00",,,,,,,,,,"185951",,,,,,,,,,,
"230",,"141",,,"86",,,,,,"47GD371954Q","Tata Indica V2 Diesel",,,,"2023-05-03 00:00:00",,,,,,,,,,"3073",,,,,,,,,,,
"231",,"159",,,"106",,,,,,"47HU158446S","Ashok Leyland Hippo 10x10",,,,"2020-12-30 00:00:00",,,,,,,,,,"174278",,,,,,,,,,,
"232",,"141",,,"92",,,,,,"47HV566573Y","Tata Indica V2 Diesel",,,,"2017-05-29 00:00:00",,,,,,,,,,"9426",,,,,,,,,,,
"233",,"141",,,"104",,,,,,"47NE953859V","Tata Indica V2 Diesel",,,,"2007-12-09 00:00:00",,,,,,,,,,"198882",,,,,,,,,,,
"234",,"123",,,"101",,,,,,"47OG148663V","LCV 2.5 Ton LPTA 713/715",,,,"2014-05-20 00:00:00",,,,,,,,,,"119403",,,,,,,,,,,
"235",,"126",,,"92",,,,,,"47XT209864Y","Tata Sumo Lt Amb",,,,"2015-09-06 00:00:00",,,,,,,,,,"145738",,,,,,,,,,,
"236",,"120",,,"92",,,,,,"47ZA272931H","Car Ambassador 1800 ISZU (with MPFI & w/o MPFI)",,,,"2017-05-26 00:00:00",,,,,,,,,,"113590",,,,,,,,,,,
"237",,"13",,,"108",,,,,,"48DA389356V","MC 100cc Hero Honda CD-100",,,,"2009-04-15 00:00:00",,,,,,,,,,"66368",,,,,,,,,,,
"238",,"131",,,"115",,,,,,"48EB422631M","Tata 709 LPTA",,,,"2021-08-24 00:00:00",,,,,,,,,,"41601",,,,,,,,,,,
"239",,"145",,,"93",,,,,,"48PI513302X","Ashok Leyland Bus 1616H",,,,"2014-04-07 00:00:00",,,,,,,,,,"197720",,,,,,,,,,,
"240",,"144",,,"97",,,,,,"49AN604257O","Force Motors Traveller 3050",,,,"2021-04-09 00:00:00",,,,,,,,,,"112956",,,,,,,,,,,
"241",,"166",,,"97",,,,,,"49CA033537O","Toyota Hilux Pickup",,,,"2018-11-01 00:00:00",,,,,,,,,,"20575",,,,,,,,,,,
"242",,"127",,,"100",,,,,,"49QF274872E","LCV DCM Toyota Dyna",,,,"2023-12-08 00:00:00",,,,,,,,,,"111701",,,,,,,,,,,
"243",,"166",,,"104",,,,,,"49SZ530605I","Toyota Hilux Pickup",,,,"2019-05-15 00:00:00",,,,,,,,,,"152909",,,,,,,,,,,
"244",,"150",,,"102",,,,,,"49TW643424A","Swaraj Tractor 744 FE",,,,"2007-11-06 00:00:00",,,,,,,,,,"172110",,,,,,,,,,,
"245",,"165",,,"98",,,,,,"50RJ142774Y","Isuzu D-MAX Pickup",,,,"2005-12-14 00:00:00",,,,,,,,,,"156616",,,,,,,,,,,
"246",,"137",,,"115",,,,,,"50VN623320L","Mahindra Bolero SLX",,,,"2020-09-12 00:00:00",,,,,,,,,,"91044",,,,,,,,,,,
"247",,"167",,,"112",,,,,,"50VS421439U","Nissan Patrol 4x4",,,,"2024-08-10 00:00:00",,,,,,,,,,"11612",,,,,,,,,,,
"248",,"142",,,"88",,,,,,"50XV068217X","Tata Indigo LS",,,,"2022-04-21 00:00:00",,,,,,,,,,"179629",,,,,,,,,,,
"249",,"164",,,"99",,,,,,"51DM353027Y","MAN CLA 49.280 Tractor",,,,"2015-10-21 00:00:00",,,,,,,,,,"33610",,,,,,,,,,,
"250",,"147",,,"101",,,,,,"51GW097130E","BEML Dozer BD-80",,,,"2019-07-12 00:00:00",,,,,,,,,,"116564",,,,,,,,,,,
"251",,"142",,,"110",,,,,,"51UF852344P","Tata Indigo LS",,,,"2022-07-16 00:00:00",,,,,,,,,,"136254",,,,,,,,,,,
"252",,"154",,,"86",,,,,,"52HN666219Z","TVS Apache RTR 160cc",,,,"2011-04-29 00:00:00",,,,,,,,,,"147838",,,,,,,,,,,
"253",,"154",,,"114",,,,,,"52LN934487V","TVS Apache RTR 160cc",,,,"2011-03-10 00:00:00",,,,,,,,,,"52183",,,,,,,,,,,
"254",,"165",,,"101",,,,,,"52MG807828O","Isuzu D-MAX Pickup",,,,"2011-01-03 00:00:00",,,,,,,,,,"30557",,,,,,,,,,,
"255",,"168",,,"110",,,,,,"52QH409100I","Land Rover Defender 110",,,,"2008-07-17 00:00:00",,,,,,,,,,"61061",,,,,,,,,,,
"256",,"144",,,"95",,,,,,"52UN510909J","Force Motors Traveller 3050",,,,"2008-04-24 00:00:00",,,,,,,,,,"58013",,,,,,,,,,,
"257",,"121",,,"110",,,,,,"52WA821076Q","Maruti Gypsy (All Models)",,,,"2014-08-26 00:00:00",,,,,,,,,,"18752",,,,,,,,,,,
"258",,"13",,,"109",,,,,,"53RH656084T","MC 100cc Hero Honda CD-100",,,,"2008-09-21 00:00:00",,,,,,,,,,"72011",,,,,,,,,,,
"259",,"146",,,"105",,,,,,"53SL742196U","Eicher Canter 10.75",,,,"2019-03-31 00:00:00",,,,,,,,,,"35718",,,,,,,,,,,
"260",,"167",,,"113",,,,,,"54GX507718U","Nissan Patrol 4x4",,,,"2010-03-28 00:00:00",,,,,,,,,,"27194",,,,,,,,,,,
"261",,"144",,,"104",,,,,,"54XF131277T","Force Motors Traveller 3050",,,,"2022-01-04 00:00:00",,,,,,,,,,"107199",,,,,,,,,,,
"262",,"127",,,"101",,,,,,"55AT465288T","LCV DCM Toyota Dyna",,,,"2014-04-06 00:00:00",,,,,,,,,,"39652",,,,,,,,,,,
"263",,"144",,,"95",,,,,,"55AV840689D","Force Motors Traveller 3050",,,,"2019-07-03 00:00:00",,,,,,,,,,"27014",,,,,,,,,,,
"264",,"156",,,"106",,,,,,"55KU813467P","Yamaha FZ-S V3 150cc",,,,"2010-02-27 00:00:00",,,,,,,,,,"95311",,,,,,,,,,,
"265",,"164",,,"104",,,,,,"55YR257589M","MAN CLA 49.280 Tractor",,,,"2006-04-05 00:00:00",,,,,,,,,,"176639",,,,,,,,,,,
"266",,"132",,,"114",,,,,,"56KD612551V","Bajaj Chetak Scooter",,,,"2021-01-07 00:00:00",,,,,,,,,,"31302",,,,,,,,,,,
"267",,"137",,,"97",,,,,,"56RI580943F","Mahindra Bolero SLX",,,,"2020-06-03 00:00:00",,,,,,,,,,"75207",,,,,,,,,,,
"268",,"153",,,"115",,,,,,"56SH661961Y","Honda Activa 125cc",,,,"2016-10-13 00:00:00",,,,,,,,,,"16049",,,,,,,,,,,
"269",,"130",,,"86",,,,,,"56WF676849N","Tata 407 LPT",,,,"2006-09-26 00:00:00",,,,,,,,,,"151059",,,,,,,,,,,
"270",,"159",,,"91",,,,,,"56WP475653N","Ashok Leyland Hippo 10x10",,,,"2005-11-17 00:00:00",,,,,,,,,,"1784",,,,,,,,,,,
"271",,"148",,,"89",,,,,,"56YM705239U","JCB Excavator 3DX",,,,"2005-09-05 00:00:00",,,,,,,,,,"48048",,,,,,,,,,,
"272",,"143",,,"93",,,,,,"56ZY770400Q","Tata Safari Dicor 2.2",,,,"2014-08-26 00:00:00",,,,,,,,,,"124970",,,,,,,,,,,
"273",,"154",,,"113",,,,,,"57AN264821N","TVS Apache RTR 160cc",,,,"2009-04-08 00:00:00",,,,,,,,,,"40569",,,,,,,,,,,
"274",,"153",,,"93",,,,,,"57CR992971L","Honda Activa 125cc",,,,"2007-07-02 00:00:00",,,,,,,,,,"133975",,,,,,,,,,,
"275",,"123",,,"88",,,,,,"57LZ928189W","LCV 2.5 Ton LPTA 713/715",,,,"2007-01-30 00:00:00",,,,,,,,,,"52520",,,,,,,,,,,
"276",,"125",,,"90",,,,,,"57QA479053L","Swaraj Mazda",,,,"2016-01-10 00:00:00",,,,,,,,,,"46397",,,,,,,,,,,
"277",,"144",,,"90",,,,,,"57TF294413C","Force Motors Traveller 3050",,,,"2017-04-06 00:00:00",,,,,,,,,,"82099",,,,,,,,,,,
"278",,"135",,,"99",,,,,,"57YH491532O","Hero Splendor Plus 100cc",,,,"2007-08-28 00:00:00",,,,,,,,,,"5225",,,,,,,,,,,
"279",,"145",,,"95",,,,,,"58LQ904510A","Ashok Leyland Bus 1616H",,,,"2021-06-04 00:00:00",,,,,,,,,,"29366",,,,,,,,,,,
"280",,"166",,,"115",,,,,,"58NA663951R","Toyota Hilux Pickup",,,,"2006-04-12 00:00:00",,,,,,,,,,"52912",,,,,,,,,,,
"281",,"164",,,"99",,,,,,"58WB424037M","MAN CLA 49.280 Tractor",,,,"2014-06-29 00:00:00",,,,,,,,,,"152897",,,,,,,,,,,
"282",,"166",,,"86",,,,,,"58XB959251X","Toyota Hilux Pickup",,,,"2021-11-08 00:00:00",,,,,,,,,,"76199",,,,,,,,,,,
"283",,"122",,,"93",,,,,,"59BY031400K","Jeep M&M 550XD",,,,"2011-04-25 00:00:00",,,,,,,,,,"2058",,,,,,,,,,,
"284",,"166",,,"89",,,,,,"59EK770704M","Toyota Hilux Pickup",,,,"2006-10-11 00:00:00",,,,,,,,,,"71702",,,,,,,,,,,
"285",,"142",,,"96",,,,,,"59KQ478180F","Tata Indigo LS",,,,"2016-03-24 00:00:00",,,,,,,,,,"19144",,,,,,,,,,,
"286",,"160",,,"108",,,,,,"60AA816411Y","Tata Prima 4028 Truck",,,,"2022-04-20 00:00:00",,,,,,,,,,"68552",,,,,,,,,,,
"287",,"144",,,"100",,,,,,"60EV569077F","Force Motors Traveller 3050",,,,"2010-03-17 00:00:00",,,,,,,,,,"107004",,,,,,,,,,,
"288",,"150",,,"94",,,,,,"60WK283508W","Swaraj Tractor 744 FE",,,,"2022-07-16 00:00:00",,,,,,,,,,"21849",,,,,,,,,,,
"289",,"14",,,"112",,,,,,"61BZ920458M","M/C 350cc R/E",,,,"2018-04-24 00:00:00",,,,,,,,,,"149518",,,,,,,,,,,
"290",,"135",,,"95",,,,,,"61JF932154X","Hero Splendor Plus 100cc",,,,"2018-06-06 00:00:00",,,,,,,,,,"10698",,,,,,,,,,,
"291",,"155",,,"97",,,,,,"61PH730675D","Yamaha RX-100",,,,"2006-01-09 00:00:00",,,,,,,,,,"97982",,,,,,,,,,,
"292",,"161",,,"104",,,,,,"61XB114905I","Scania P410 Tipper",,,,"2005-02-06 00:00:00",,,,,,,,,,"158625",,,,,,,,,,,
"293",,"126",,,"100",,,,,,"62BD173194C","Tata Sumo Lt Amb",,,,"2012-02-14 00:00:00",,,,,,,,,,"53299",,,,,,,,,,,
"294",,"150",,,"114",,,,,,"62BJ784047V","Swaraj Tractor 744 FE",,,,"2023-11-07 00:00:00",,,,,,,,,,"65879",,,,,,,,,,,
"295",,"165",,,"114",,,,,,"62GK147165A","Isuzu D-MAX Pickup",,,,"2006-08-18 00:00:00",,,,,,,,,,"190638",,,,,,,,,,,
"296",,"156",,,"96",,,,,,"62JK666323M","Yamaha FZ-S V3 150cc",,,,"2011-04-12 00:00:00",,,,,,,,,,"139437",,,,,,,,,,,
"297",,"14",,,"110",,,,,,"62KR335115T","M/C 350cc R/E",,,,"2013-09-26 00:00:00",,,,,,,,,,"123205",,,,,,,,,,,
"298",,"155",,,"101",,,,,,"62KY751554F","Yamaha RX-100",,,,"2024-12-19 00:00:00",,,,,,,,,,"164518",,,,,,,,,,,
"299",,"154",,,"95",,,,,,"62MZ236859Q","TVS Apache RTR 160cc",,,,"2012-06-27 00:00:00",,,,,,,,,,"68649",,,,,,,,,,,
"300",,"147",,,"101",,,,,,"62PQ114289U","BEML Dozer BD-80",,,,"2006-02-28 00:00:00",,,,,,,,,,"183846",,,,,,,,,,,
"301",,"166",,,"109",,,,,,"62QO397421T","Toyota Hilux Pickup",,,,"2014-05-19 00:00:00",,,,,,,,,,"174048",,,,,,,,,,,
"302",,"134",,,"115",,,,,,"62SG605520C","Royal Enfield 500cc Classic",,,,"2021-12-28 00:00:00",,,,,,,,,,"92375",,,,,,,,,,,
"303",,"137",,,"108",,,,,,"62US470397J","Mahindra Bolero SLX",,,,"2011-02-27 00:00:00",,,,,,,,,,"199153",,,,,,,,,,,
"304",,"123",,,"96",,,,,,"62VR947870H","LCV 2.5 Ton LPTA 713/715",,,,"2007-04-02 00:00:00",,,,,,,,,,"14188",,,,,,,,,,,
"305",,"123",,,"88",,,,,,"62VU843798B","LCV 2.5 Ton LPTA 713/715",,,,"2008-10-10 00:00:00",,,,,,,,,,"55356",,,,,,,,,,,
"306",,"135",,,"110",,,,,,"62WU969377D","Hero Splendor Plus 100cc",,,,"2017-12-29 00:00:00",,,,,,,,,,"101583",,,,,,,,,,,
"307",,"124",,,"92",,,,,,"62YH926494G","Tata 3/5 Ton-1015TC/36 & 42 FAT",,,,"2015-05-29 00:00:00",,,,,,,,,,"168023",,,,,,,,,,,
"308",,"14",,,"92",,,,,,"63AL806842G","M/C 350cc R/E",,,,"2011-09-12 00:00:00",,,,,,,,,,"76825",,,,,,,,,,,
"309",,"14",,,"92",,,,,,"63AZ524497V","M/C 350cc R/E",,,,"2005-01-20 00:00:00",,,,,,,,,,"53872",,,,,,,,,,,
"310",,"166",,,"94",,,,,,"63EA806015R","Toyota Hilux Pickup",,,,"2015-10-30 00:00:00",,,,,,,,,,"94646",,,,,,,,,,,
"311",,"13",,,"100",,,,,,"63HU329817J","MC 100cc Hero Honda CD-100",,,,"2020-04-25 00:00:00",,,,,,,,,,"50280",,,,,,,,,,,
"312",,"150",,,"105",,,,,,"63NO003291M","Swaraj Tractor 744 FE",,,,"2019-01-30 00:00:00",,,,,,,,,,"64363",,,,,,,,,,,
"313",,"166",,,"102",,,,,,"63WA213797U","Toyota Hilux Pickup",,,,"2023-01-05 00:00:00",,,,,,,,,,"67741",,,,,,,,,,,
"314",,"145",,,"113",,,,,,"64CF170743V","Ashok Leyland Bus 1616H",,,,"2023-05-09 00:00:00",,,,,,,,,,"129424",,,,,,,,,,,
"315",,"127",,,"111",,,,,,"64EG089284O","LCV DCM Toyota Dyna",,,,"2022-10-25 00:00:00",,,,,,,,,,"163622",,,,,,,,,,,
"316",,"150",,,"98",,,,,,"64IM004135J","Swaraj Tractor 744 FE",,,,"2021-06-24 00:00:00",,,,,,,,,,"130490",,,,,,,,,,,
"317",,"134",,,"91",,,,,,"64JU362133G","Royal Enfield 500cc Classic",,,,"2007-08-02 00:00:00",,,,,,,,,,"37842",,,,,,,,,,,
"318",,"140",,,"91",,,,,,"64OY461562F","Maruti Zen (All Models)",,,,"2021-10-10 00:00:00",,,,,,,,,,"78136",,,,,,,,,,,
"319",,"155",,,"96",,,,,,"64RI355805F","Yamaha RX-100",,,,"2016-04-27 00:00:00",,,,,,,,,,"150645",,,,,,,,,,,
"320",,"136",,,"110",,,,,,"64TL937269Q","Mahindra Commander Jeep",,,,"2005-01-02 00:00:00",,,,,,,,,,"123756",,,,,,,,,,,
"321",,"138",,,"90",,,,,,"65AK232061F","Maruti Suzuki Omni Van",,,,"2016-07-19 00:00:00",,,,,,,,,,"152173",,,,,,,,,,,
"322",,"127",,,"113",,,,,,"65ED382947K","LCV DCM Toyota Dyna",,,,"2017-05-15 00:00:00",,,,,,,,,,"143521",,,,,,,,,,,
"323",,"131",,,"113",,,,,,"65JU890348G","Tata 709 LPTA",,,,"2018-09-16 00:00:00",,,,,,,,,,"97373",,,,,,,,,,,
"324",,"136",,,"88",,,,,,"65TU087155X","Mahindra Commander Jeep",,,,"2024-12-08 00:00:00",,,,,,,,,,"173418",,,,,,,,,,,
"325",,"131",,,"89",,,,,,"65XO179386H","Tata 709 LPTA",,,,"2009-12-20 00:00:00",,,,,,,,,,"48276",,,,,,,,,,,
"326",,"158",,,"87",,,,,,"66HU795551P","Piaggio Ape Auto Rickshaw",,,,"2011-02-25 00:00:00",,,,,,,,,,"97322",,,,,,,,,,,
"327",,"162",,,"88",,,,,,"66NX028446B","Volvo FMX 440 8x4",,,,"2005-05-01 00:00:00",,,,,,,,,,"75795",,,,,,,,,,,
"328",,"148",,,"95",,,,,,"66XR011615F","JCB Excavator 3DX",,,,"2016-10-16 00:00:00",,,,,,,,,,"136928",,,,,,,,,,,
"329",,"132",,,"108",,,,,,"66YY699616I","Bajaj Chetak Scooter",,,,"2006-05-30 00:00:00",,,,,,,,,,"156510",,,,,,,,,,,
"330",,"140",,,"96",,,,,,"67OO609578L","Maruti Zen (All Models)",,,,"2012-04-13 00:00:00",,,,,,,,,,"92669",,,,,,,,,,,
"331",,"128",,,"86",,,,,,"68HZ888071H","Ashok Leyland Stallion 4x4",,,,"2023-09-07 00:00:00",,,,,,,,,,"193310",,,,,,,,,,,
"332",,"163",,,"94",,,,,,"68JD895307M","Mercedes-Benz Actros 4841K",,,,"2013-02-04 00:00:00",,,,,,,,,,"82221",,,,,,,,,,,
"333",,"157",,,"114",,,,,,"68KX376994Q","Suzuki Access 125cc",,,,"2006-09-03 00:00:00",,,,,,,,,,"151592",,,,,,,,,,,
"334",,"147",,,"92",,,,,,"68PU263303C","BEML Dozer BD-80",,,,"2015-11-28 00:00:00",,,,,,,,,,"83667",,,,,,,,,,,
"335",,"159",,,"97",,,,,,"68VD859005F","Ashok Leyland Hippo 10x10",,,,"2023-04-11 00:00:00",,,,,,,,,,"17803",,,,,,,,,,,
"336",,"128",,,"90",,,,,,"69BV885365Z","Ashok Leyland Stallion 4x4",,,,"2011-04-28 00:00:00",,,,,,,,,,"169068",,,,,,,,,,,
"337",,"123",,,"106",,,,,,"69DS902702A","LCV 2.5 Ton LPTA 713/715",,,,"2006-04-02 00:00:00",,,,,,,,,,"43706",,,,,,,,,,,
"338",,"146",,,"87",,,,,,"69FK989589O","Eicher Canter 10.75",,,,"2012-06-09 00:00:00",,,,,,,,,,"18356",,,,,,,,,,,
"339",,"156",,,"87",,,,,,"69GL186368X","Yamaha FZ-S V3 150cc",,,,"2022-08-19 00:00:00",,,,,,,,,,"47847",,,,,,,,,,,
"340",,"156",,,"97",,,,,,"70FJ357545Z","Yamaha FZ-S V3 150cc",,,,"2012-08-30 00:00:00",,,,,,,,,,"100558",,,,,,,,,,,
"341",,"135",,,"88",,,,,,"70FL588761F","Hero Splendor Plus 100cc",,,,"2005-12-28 00:00:00",,,,,,,,,,"95009",,,,,,,,,,,
"342",,"162",,,"98",,,,,,"70GE841772P","Volvo FMX 440 8x4",,,,"2010-02-03 00:00:00",,,,,,,,,,"43710",,,,,,,,,,,
"343",,"148",,,"113",,,,,,"70HQ271798M","JCB Excavator 3DX",,,,"2024-12-02 00:00:00",,,,,,,,,,"96941",,,,,,,,,,,
"344",,"145",,,"95",,,,,,"70OP373835Z","Ashok Leyland Bus 1616H",,,,"2024-04-11 00:00:00",,,,,,,,,,"116353",,,,,,,,,,,
"345",,"138",,,"100",,,,,,"70WY664487E","Maruti Suzuki Omni Van",,,,"2021-02-01 00:00:00",,,,,,,,,,"80602",,,,,,,,,,,
"346",,"166",,,"112",,,,,,"70YK361431E","Toyota Hilux Pickup",,,,"2016-11-17 00:00:00",,,,,,,,,,"199818",,,,,,,,,,,
"347",,"129",,,"93",,,,,,"71GJ137051N","Ashok Leyland Stallion 6x6",,,,"2023-06-22 00:00:00",,,,,,,,,,"31442",,,,,,,,,,,
"348",,"144",,,"92",,,,,,"71KJ688565W","Force Motors Traveller 3050",,,,"2013-11-21 00:00:00",,,,,,,,,,"102035",,,,,,,,,,,
"349",,"168",,,"88",,,,,,"71SI423927M","Land Rover Defender 110",,,,"2023-05-11 00:00:00",,,,,,,,,,"107835",,,,,,,,,,,
"350",,"167",,,"87",,,,,,"71TV789514A","Nissan Patrol 4x4",,,,"2006-11-04 00:00:00",,,,,,,,,,"156179",,,,,,,,,,,
"351",,"130",,,"105",,,,,,"71UC964734J","Tata 407 LPT",,,,"2015-10-07 00:00:00",,,,,,,,,,"192669",,,,,,,,,,,
"352",,"147",,,"98",,,,,,"71YV211282J","BEML Dozer BD-80",,,,"2014-06-20 00:00:00",,,,,,,,,,"39024",,,,,,,,,,,
"353",,"149",,,"109",,,,,,"72AQ125478G","Escort Tractor 60 HP",,,,"2022-02-11 00:00:00",,,,,,,,,,"101262",,,,,,,,,,,
"354",,"163",,,"104",,,,,,"72GD697633K","Mercedes-Benz Actros 4841K",,,,"2021-03-24 00:00:00",,,,,,,,,,"134972",,,,,,,,,,,
"355",,"144",,,"103",,,,,,"72HE010482R","Force Motors Traveller 3050",,,,"2008-10-19 00:00:00",,,,,,,,,,"51603",,,,,,,,,,,
"356",,"14",,,"86",,,,,,"72NG788828W","M/C 350cc R/E",,,,"2017-05-06 00:00:00",,,,,,,,,,"35519",,,,,,,,,,,
"357",,"159",,,"88",,,,,,"72PZ936770C","Ashok Leyland Hippo 10x10",,,,"2008-08-07 00:00:00",,,,,,,,,,"35662",,,,,,,,,,,
"358",,"158",,,"97",,,,,,"72RP861736Q","Piaggio Ape Auto Rickshaw",,,,"2011-11-18 00:00:00",,,,,,,,,,"143930",,,,,,,,,,,
"359",,"149",,,"111",,,,,,"72VD981576R","Escort Tractor 60 HP",,,,"2011-01-14 00:00:00",,,,,,,,,,"98953",,,,,,,,,,,
"360",,"128",,,"109",,,,,,"72WZ785637H","Ashok Leyland Stallion 4x4",,,,"2009-07-01 00:00:00",,,,,,,,,,"135648",,,,,,,,,,,
"361",,"155",,,"106",,,,,,"72XD573138X","Yamaha RX-100",,,,"2013-05-17 00:00:00",,,,,,,,,,"89731",,,,,,,,,,,
"362",,"144",,,"100",,,,,,"73CS011306R","Force Motors Traveller 3050",,,,"2010-03-03 00:00:00",,,,,,,,,,"142631",,,,,,,,,,,
"363",,"125",,,"86",,,,,,"73MA176130Q","Swaraj Mazda",,,,"2021-07-15 00:00:00",,,,,,,,,,"151521",,,,,,,,,,,
"364",,"136",,,"87",,,,,,"73NT855648A","Mahindra Commander Jeep",,,,"2014-11-14 00:00:00",,,,,,,,,,"65477",,,,,,,,,,,
"365",,"131",,,"111",,,,,,"73PN704804L","Tata 709 LPTA",,,,"2010-03-07 00:00:00",,,,,,,,,,"191914",,,,,,,,,,,
"366",,"139",,,"95",,,,,,"74EI413107X","Maruti Esteem 1300cc",,,,"2009-12-23 00:00:00",,,,,,,,,,"67079",,,,,,,,,,,
"367",,"148",,,"109",,,,,,"74KA003488B","JCB Excavator 3DX",,,,"2010-03-08 00:00:00",,,,,,,,,,"186387",,,,,,,,,,,
"368",,"146",,,"112",,,,,,"74MB665851L","Eicher Canter 10.75",,,,"2005-06-06 00:00:00",,,,,,,,,,"168370",,,,,,,,,,,
"369",,"144",,,"95",,,,,,"74RA884053G","Force Motors Traveller 3050",,,,"2013-11-09 00:00:00",,,,,,,,,,"55791",,,,,,,,,,,
"370",,"122",,,"90",,,,,,"74SW694827R","Jeep M&M 550XD",,,,"2020-11-21 00:00:00",,,,,,,,,,"11825",,,,,,,,,,,
"371",,"126",,,"87",,,,,,"75AL260819J","Tata Sumo Lt Amb",,,,"2015-09-22 00:00:00",,,,,,,,,,"19422",,,,,,,,,,,
"372",,"142",,,"111",,,,,,"75AV083110T","Tata Indigo LS",,,,"2013-04-14 00:00:00",,,,,,,,,,"61277",,,,,,,,,,,
"373",,"137",,,"115",,,,,,"75MN957735E","Mahindra Bolero SLX",,,,"2009-10-06 00:00:00",,,,,,,,,,"156066",,,,,,,,,,,
"374",,"126",,,"88",,,,,,"75UC258477Z","Tata Sumo Lt Amb",,,,"2014-01-11 00:00:00",,,,,,,,,,"194869",,,,,,,,,,,
"375",,"167",,,"101",,,,,,"76HU810992K","Nissan Patrol 4x4",,,,"2007-02-28 00:00:00",,,,,,,,,,"196718",,,,,,,,,,,
"376",,"152",,,"107",,,,,,"76QJ357482J","Hero Passion Pro 110cc",,,,"2012-03-31 00:00:00",,,,,,,,,,"156511",,,,,,,,,,,
"377",,"124",,,"106",,,,,,"76UE461369U","Tata 3/5 Ton-1015TC/36 & 42 FAT",,,,"2005-07-18 00:00:00",,,,,,,,,,"34965",,,,,,,,,,,
"378",,"165",,,"91",,,,,,"77BJ123010Y","Isuzu D-MAX Pickup",,,,"2014-07-01 00:00:00",,,,,,,,,,"182460",,,,,,,,,,,
"379",,"130",,,"90",,,,,,"77NI716629B","Tata 407 LPT",,,,"2023-06-05 00:00:00",,,,,,,,,,"78738",,,,,,,,,,,
"380",,"151",,,"86",,,,,,"77OT756850O","Mahindra Tractor 575 DI",,,,"2014-05-14 00:00:00",,,,,,,,,,"6266",,,,,,,,,,,
"381",,"143",,,"94",,,,,,"77OX770360B","Tata Safari Dicor 2.2",,,,"2022-01-05 00:00:00",,,,,,,,,,"41793",,,,,,,,,,,
"382",,"141",,,"112",,,,,,"77VB162382D","Tata Indica V2 Diesel",,,,"2007-05-07 00:00:00",,,,,,,,,,"72651",,,,,,,,,,,
"383",,"137",,,"97",,,,,,"78AP530320K","Mahindra Bolero SLX",,,,"2015-12-19 00:00:00",,,,,,,,,,"5231",,,,,,,,,,,
"384",,"162",,,"86",,,,,,"78CO559085C","Volvo FMX 440 8x4",,,,"2006-11-02 00:00:00",,,,,,,,,,"143152",,,,,,,,,,,
"385",,"120",,,"99",,,,,,"78DN325341R","Car Ambassador 1800 ISZU (with MPFI & w/o MPFI)",,,,"2023-07-21 00:00:00",,,,,,,,,,"150012",,,,,,,,,,,
"386",,"154",,,"98",,,,,,"78IT940449V","TVS Apache RTR 160cc",,,,"2015-09-17 00:00:00",,,,,,,,,,"70329",,,,,,,,,,,
"387",,"121",,,"100",,,,,,"78NU292999P","Maruti Gypsy (All Models)",,,,"2022-08-28 00:00:00",,,,,,,,,,"100179",,,,,,,,,,,
"388",,"151",,,"112",,,,,,"78TF421595O","Mahindra Tractor 575 DI",,,,"2020-01-25 00:00:00",,,,,,,,,,"81836",,,,,,,,,,,
"389",,"130",,,"93",,,,,,"78YV312892F","Tata 407 LPT",,,,"2005-06-05 00:00:00",,,,,,,,,,"7459",,,,,,,,,,,
"390",,"135",,,"89",,,,,,"78ZC524864Z","Hero Splendor Plus 100cc",,,,"2012-03-01 00:00:00",,,,,,,,,,"166745",,,,,,,,,,,
"391",,"140",,,"88",,,,,,"78ZP359022Y","Maruti Zen (All Models)",,,,"2013-07-05 00:00:00",,,,,,,,,,"91879",,,,,,,,,,,
"392",,"120",,,"104",,,,,,"79DC452077R","Car Ambassador 1800 ISZU (with MPFI & w/o MPFI)",,,,"2016-05-25 00:00:00",,,,,,,,,,"129655",,,,,,,,,,,
"393",,"143",,,"94",,,,,,"79IU930836U","Tata Safari Dicor 2.2",,,,"2012-09-30 00:00:00",,,,,,,,,,"46607",,,,,,,,,,,
"394",,"130",,,"107",,,,,,"79JM761758H","Tata 407 LPT",,,,"2005-08-23 00:00:00",,,,,,,,,,"135388",,,,,,,,,,,
"395",,"129",,,"96",,,,,,"79KA538199E","Ashok Leyland Stallion 6x6",,,,"2022-07-26 00:00:00",,,,,,,,,,"1475",,,,,,,,,,,
"396",,"159",,,"86",,,,,,"79OF214585N","Ashok Leyland Hippo 10x10",,,,"2015-02-18 00:00:00",,,,,,,,,,"185948",,,,,,,,,,,
"397",,"133",,,"104",,,,,,"79WP349807F","Yezdi 250cc Motorcycle",,,,"2012-09-22 00:00:00",,,,,,,,,,"176328",,,,,,,,,,,
"398",,"161",,,"97",,,,,,"79XQ497678M","Scania P410 Tipper",,,,"2023-01-27 00:00:00",,,,,,,,,,"55608",,,,,,,,,,,
"399",,"154",,,"111",,,,,,"80FU972718Y","TVS Apache RTR 160cc",,,,"2013-04-15 00:00:00",,,,,,,,,,"189528",,,,,,,,,,,
"400",,"150",,,"93",,,,,,"80GI470068R","Swaraj Tractor 744 FE",,,,"2020-04-24 00:00:00",,,,,,,,,,"101161",,,,,,,,,,,
"401",,"133",,,"95",,,,,,"80JA194253F","Yezdi 250cc Motorcycle",,,,"2015-02-10 00:00:00",,,,,,,,,,"498",,,,,,,,,,,
"402",,"125",,,"108",,,,,,"80WQ200190E","Swaraj Mazda",,,,"2008-01-30 00:00:00",,,,,,,,,,"185417",,,,,,,,,,,
"403",,"140",,,"100",,,,,,"81BM010070T","Maruti Zen (All Models)",,,,"2005-03-24 00:00:00",,,,,,,,,,"93002",,,,,,,,,,,
"404",,"168",,,"101",,,,,,"81GQ812781Z","Land Rover Defender 110",,,,"2005-09-09 00:00:00",,,,,,,,,,"79475",,,,,,,,,,,
"405",,"132",,,"95",,,,,,"81LZ669468D","Bajaj Chetak Scooter",,,,"2024-10-19 00:00:00",,,,,,,,,,"108224",,,,,,,,,,,
"406",,"134",,,"87",,,,,,"81RZ131452J","Royal Enfield 500cc Classic",,,,"2018-08-26 00:00:00",,,,,,,,,,"113634",,,,,,,,,,,
"407",,"157",,,"88",,,,,,"81TK864152E","Suzuki Access 125cc",,,,"2016-01-16 00:00:00",,,,,,,,,,"99591",,,,,,,,,,,
"408",,"142",,,"95",,,,,,"82VV253311Y","Tata Indigo LS",,,,"2005-11-19 00:00:00",,,,,,,,,,"24479",,,,,,,,,,,
"409",,"153",,,"90",,,,,,"83BU178209O","Honda Activa 125cc",,,,"2012-10-05 00:00:00",,,,,,,,,,"34138",,,,,,,,,,,
"410",,"136",,,"112",,,,,,"83HF347502Q","Mahindra Commander Jeep",,,,"2018-02-24 00:00:00",,,,,,,,,,"98434",,,,,,,,,,,
"411",,"131",,,"114",,,,,,"83PW271429E","Tata 709 LPTA",,,,"2013-01-15 00:00:00",,,,,,,,,,"53046",,,,,,,,,,,
"412",,"120",,,"109",,,,,,"83SK413583R","Car Ambassador 1800 ISZU (with MPFI & w/o MPFI)",,,,"2007-03-25 00:00:00",,,,,,,,,,"90617",,,,,,,,,,,
"413",,"165",,,"110",,,,,,"83UT990813K","Isuzu D-MAX Pickup",,,,"2021-12-01 00:00:00",,,,,,,,,,"94752",,,,,,,,,,,
"414",,"130",,,"96",,,,,,"83XZ224295P","Tata 407 LPT",,,,"2019-04-30 00:00:00",,,,,,,,,,"184646",,,,,,,,,,,
"415",,"134",,,"88",,,,,,"84GI846886C","Royal Enfield 500cc Classic",,,,"2017-12-10 00:00:00",,,,,,,,,,"171939",,,,,,,,,,,
"416",,"156",,,"110",,,,,,"84GW285509Q","Yamaha FZ-S V3 150cc",,,,"2019-01-21 00:00:00",,,,,,,,,,"173410",,,,,,,,,,,
"417",,"131",,,"86",,,,,,"84LZ882211E","Tata 709 LPTA",,,,"2017-05-30 00:00:00",,,,,,,,,,"134469",,,,,,,,,,,
"418",,"168",,,"93",,,,,,"84MK435855Q","Land Rover Defender 110",,,,"2012-12-14 00:00:00",,,,,,,,,,"93568",,,,,,,,,,,
"419",,"139",,,"98",,,,,,"84PU700759T","Maruti Esteem 1300cc",,,,"2022-11-08 00:00:00",,,,,,,,,,"158368",,,,,,,,,,,
"420",,"162",,,"95",,,,,,"84QG791312A","Volvo FMX 440 8x4",,,,"2022-08-31 00:00:00",,,,,,,,,,"14358",,,,,,,,,,,
"421",,"167",,,"89",,,,,,"85DI442281F","Nissan Patrol 4x4",,,,"2007-02-04 00:00:00",,,,,,,,,,"74254",,,,,,,,,,,
"422",,"130",,,"96",,,,,,"85HM268781J","Tata 407 LPT",,,,"2015-04-21 00:00:00",,,,,,,,,,"143153",,,,,,,,,,,
"423",,"129",,,"107",,,,,,"85IF558814O","Ashok Leyland Stallion 6x6",,,,"2012-08-09 00:00:00",,,,,,,,,,"4852",,,,,,,,,,,
"424",,"128",,,"111",,,,,,"85LH789780H","Ashok Leyland Stallion 4x4",,,,"2019-08-29 00:00:00",,,,,,,,,,"18760",,,,,,,,,,,
"425",,"125",,,"101",,,,,,"85XO153212R","Swaraj Mazda",,,,"2024-09-14 00:00:00",,,,,,,,,,"187524",,,,,,,,,,,
"426",,"165",,,"92",,,,,,"85ZN435230D","Isuzu D-MAX Pickup",,,,"2017-08-18 00:00:00",,,,,,,,,,"53582",,,,,,,,,,,
"427",,"124",,,"100",,,,,,"86AZ467310H","Tata 3/5 Ton-1015TC/36 & 42 FAT",,,,"2015-09-08 00:00:00",,,,,,,,,,"69335",,,,,,,,,,,
"428",,"137",,,"98",,,,,,"86DL780295U","Mahindra Bolero SLX",,,,"2010-03-01 00:00:00",,,,,,,,,,"154201",,,,,,,,,,,
"429",,"168",,,"92",,,,,,"86IL359817P","Land Rover Defender 110",,,,"2011-08-20 00:00:00",,,,,,,,,,"71373",,,,,,,,,,,
"430",,"161",,,"93",,,,,,"86WV400109L","Scania P410 Tipper",,,,"2022-11-01 00:00:00",,,,,,,,,,"165706",,,,,,,,,,,
"431",,"125",,,"98",,,,,,"86YP620459U","Swaraj Mazda",,,,"2022-03-31 00:00:00",,,,,,,,,,"44412",,,,,,,,,,,
"432",,"133",,,"104",,,,,,"86YT305134I","Yezdi 250cc Motorcycle",,,,"2007-11-21 00:00:00",,,,,,,,,,"92372",,,,,,,,,,,
"433",,"130",,,"100",,,,,,"87EH054327O","Tata 407 LPT",,,,"2020-12-10 00:00:00",,,,,,,,,,"197139",,,,,,,,,,,
"434",,"154",,,"106",,,,,,"87HR611661S","TVS Apache RTR 160cc",,,,"2012-05-22 00:00:00",,,,,,,,,,"82904",,,,,,,,,,,
"435",,"158",,,"100",,,,,,"87XE691402D","Piaggio Ape Auto Rickshaw",,,,"2009-02-03 00:00:00",,,,,,,,,,"37032",,,,,,,,,,,
"436",,"139",,,"95",,,,,,"88AB973774A","Maruti Esteem 1300cc",,,,"2011-09-12 00:00:00",,,,,,,,,,"140168",,,,,,,,,,,
"437",,"14",,,"94",,,,,,"88JC628260N","M/C 350cc R/E",,,,"2012-03-01 00:00:00",,,,,,,,,,"51598",,,,,,,,,,,
"438",,"143",,,"113",,,,,,"88QG772240N","Tata Safari Dicor 2.2",,,,"2009-05-23 00:00:00",,,,,,,,,,"42836",,,,,,,,,,,
"439",,"165",,,"102",,,,,,"88VZ714724Z","Isuzu D-MAX Pickup",,,,"2009-05-12 00:00:00",,,,,,,,,,"34575",,,,,,,,,,,
"440",,"150",,,"90",,,,,,"89QX608038F","Swaraj Tractor 744 FE",,,,"2019-11-26 00:00:00",,,,,,,,,,"79142",,,,,,,,,,,
"441",,"151",,,"92",,,,,,"89RI062917H","Mahindra Tractor 575 DI",,,,"2020-03-09 00:00:00",,,,,,,,,,"123265",,,,,,,,,,,
"442",,"146",,,"93",,,,,,"89VJ658613H","Eicher Canter 10.75",,,,"2024-11-30 00:00:00",,,,,,,,,,"164293",,,,,,,,,,,
"443",,"140",,,"110",,,,,,"89VN870576P","Maruti Zen (All Models)",,,,"2007-07-05 00:00:00",,,,,,,,,,"162832",,,,,,,,,,,
"444",,"120",,,"95",,,,,,"90AL310178L","Car Ambassador 1800 ISZU (with MPFI & w/o MPFI)",,,,"2007-07-27 00:00:00",,,,,,,,,,"63162",,,,,,,,,,,
"445",,"152",,,"92",,,,,,"90JA209324X","Hero Passion Pro 110cc",,,,"2006-05-11 00:00:00",,,,,,,,,,"6212",,,,,,,,,,,
"446",,"157",,,"104",,,,,,"90NC639719K","Suzuki Access 125cc",,,,"2012-03-19 00:00:00",,,,,,,,,,"145138",,,,,,,,,,,
"447",,"163",,,"90",,,,,,"90NU873974M","Mercedes-Benz Actros 4841K",,,,"2018-08-17 00:00:00",,,,,,,,,,"91523",,,,,,,,,,,
"448",,"162",,,"103",,,,,,"91CM606022X","Volvo FMX 440 8x4",,,,"2013-04-02 00:00:00",,,,,,,,,,"153132",,,,,,,,,,,
"449",,"161",,,"114",,,,,,"91CW244828W","Scania P410 Tipper",,,,"2023-01-21 00:00:00",,,,,,,,,,"190028",,,,,,,,,,,
"450",,"162",,,"98",,,,,,"91HZ897866V","Volvo FMX 440 8x4",,,,"2020-06-26 00:00:00",,,,,,,,,,"96975",,,,,,,,,,,
"451",,"147",,,"99",,,,,,"91JQ693268Q","BEML Dozer BD-80",,,,"2023-12-02 00:00:00",,,,,,,,,,"2587",,,,,,,,,,,
"452",,"149",,,"115",,,,,,"91OO413398P","Escort Tractor 60 HP",,,,"2008-10-29 00:00:00",,,,,,,,,,"188486",,,,,,,,,,,
"453",,"147",,,"95",,,,,,"91OZ751102Q","BEML Dozer BD-80",,,,"2019-12-10 00:00:00",,,,,,,,,,"26316",,,,,,,,,,,
"454",,"152",,,"102",,,,,,"91YY750481T","Hero Passion Pro 110cc",,,,"2024-06-07 00:00:00",,,,,,,,,,"22294",,,,,,,,,,,
"455",,"137",,,"107",,,,,,"92DP726283L","Mahindra Bolero SLX",,,,"2024-10-20 00:00:00",,,,,,,,,,"91975",,,,,,,,,,,
"456",,"159",,,"106",,,,,,"92DS529892Y","Ashok Leyland Hippo 10x10",,,,"2015-05-31 00:00:00",,,,,,,,,,"71987",,,,,,,,,,,
"457",,"134",,,"97",,,,,,"92HF251561W","Royal Enfield 500cc Classic",,,,"2007-02-18 00:00:00",,,,,,,,,,"154423",,,,,,,,,,,
"458",,"155",,,"101",,,,,,"92LD383068U","Yamaha RX-100",,,,"2008-07-03 00:00:00",,,,,,,,,,"77914",,,,,,,,,,,
"459",,"144",,,"89",,,,,,"92PI926346W","Force Motors Traveller 3050",,,,"2010-10-04 00:00:00",,,,,,,,,,"152823",,,,,,,,,,,
"460",,"146",,,"94",,,,,,"92UH207154C","Eicher Canter 10.75",,,,"2017-12-17 00:00:00",,,,,,,,,,"55214",,,,,,,,,,,
"461",,"147",,,"111",,,,,,"92UY044114E","BEML Dozer BD-80",,,,"2017-09-15 00:00:00",,,,,,,,,,"125616",,,,,,,,,,,
"462",,"159",,,"87",,,,,,"93FP045875X","Ashok Leyland Hippo 10x10",,,,"2017-03-04 00:00:00",,,,,,,,,,"65125",,,,,,,,,,,
"463",,"141",,,"94",,,,,,"93IY151747O","Tata Indica V2 Diesel",,,,"2023-03-19 00:00:00",,,,,,,,,,"104200",,,,,,,,,,,
"464",,"132",,,"107",,,,,,"93YB862086L","Bajaj Chetak Scooter",,,,"2012-07-16 00:00:00",,,,,,,,,,"162285",,,,,,,,,,,
"465",,"14",,,"110",,,,,,"94FI176663R","M/C 350cc R/E",,,,"2012-07-30 00:00:00",,,,,,,,,,"136526",,,,,,,,,,,
"466",,"164",,,"103",,,,,,"94GO378173Z","MAN CLA 49.280 Tractor",,,,"2014-03-01 00:00:00",,,,,,,,,,"35277",,,,,,,,,,,
"467",,"159",,,"86",,,,,,"94QN804053B","Ashok Leyland Hippo 10x10",,,,"2015-12-31 00:00:00",,,,,,,,,,"119688",,,,,,,,,,,
"468",,"136",,,"115",,,,,,"94VU407712U","Mahindra Commander Jeep",,,,"2021-06-20 00:00:00",,,,,,,,,,"144457",,,,,,,,,,,
"469",,"147",,,"90",,,,,,"94ZA786786U","BEML Dozer BD-80",,,,"2021-12-14 00:00:00",,,,,,,,,,"85506",,,,,,,,,,,
"470",,"166",,,"98",,,,,,"95FF524038F","Toyota Hilux Pickup",,,,"2006-07-26 00:00:00",,,,,,,,,,"59812",,,,,,,,,,,
"471",,"130",,,"89",,,,,,"95JA394750Y","Tata 407 LPT",,,,"2019-10-18 00:00:00",,,,,,,,,,"106388",,,,,,,,,,,
"472",,"134",,,"104",,,,,,"95MV548468Z","Royal Enfield 500cc Classic",,,,"2019-04-09 00:00:00",,,,,,,,,,"62548",,,,,,,,,,,
"473",,"145",,,"106",,,,,,"95RR769928V","Ashok Leyland Bus 1616H",,,,"2018-08-04 00:00:00",,,,,,,,,,"166017",,,,,,,,,,,
"474",,"157",,,"90",,,,,,"95TM428225Y","Suzuki Access 125cc",,,,"2013-04-15 00:00:00",,,,,,,,,,"17860",,,,,,,,,,,
"475",,"135",,,"106",,,,,,"95XB685339F","Hero Splendor Plus 100cc",,,,"2011-10-11 00:00:00",,,,,,,,,,"167240",,,,,,,,,,,
"476",,"149",,,"98",,,,,,"95YO553049Y","Escort Tractor 60 HP",,,,"2014-12-15 00:00:00",,,,,,,,,,"91567",,,,,,,,,,,
"477",,"129",,,"111",,,,,,"95ZP270018J","Ashok Leyland Stallion 6x6",,,,"2008-11-13 00:00:00",,,,,,,,,,"138568",,,,,,,,,,,
"478",,"140",,,"95",,,,,,"96KA423109P","Maruti Zen (All Models)",,,,"2013-03-23 00:00:00",,,,,,,,,,"134848",,,,,,,,,,,
"479",,"148",,,"95",,,,,,"96MJ384465I","JCB Excavator 3DX",,,,"2015-10-25 00:00:00",,,,,,,,,,"123452",,,,,,,,,,,
"480",,"160",,,"102",,,,,,"96MK465465I","Tata Prima 4028 Truck",,,,"2017-01-08 00:00:00",,,,,,,,,,"39617",,,,,,,,,,,
"481",,"137",,,"114",,,,,,"96MN836075J","Mahindra Bolero SLX",,,,"2006-04-22 00:00:00",,,,,,,,,,"126728",,,,,,,,,,,
"482",,"142",,,"108",,,,,,"96PZ144539O","Tata Indigo LS",,,,"2018-06-08 00:00:00",,,,,,,,,,"110134",,,,,,,,,,,
"483",,"147",,,"107",,,,,,"96WA485153G","BEML Dozer BD-80",,,,"2012-07-04 00:00:00",,,,,,,,,,"122258",,,,,,,,,,,
"484",,"128",,,"106",,,,,,"97AE620249S","Ashok Leyland Stallion 4x4",,,,"2015-09-26 00:00:00",,,,,,,,,,"55535",,,,,,,,,,,
"485",,"131",,,"93",,,,,,"97JZ569932Z","Tata 709 LPTA",,,,"2013-06-20 00:00:00",,,,,,,,,,"129877",,,,,,,,,,,
"486",,"126",,,"92",,,,,,"97KI184064V","Tata Sumo Lt Amb",,,,"2024-07-26 00:00:00",,,,,,,,,,"180638",,,,,,,,,,,
"487",,"140",,,"98",,,,,,"97PR932604E","Maruti Zen (All Models)",,,,"2017-05-22 00:00:00",,,,,,,,,,"73600",,,,,,,,,,,
"488",,"127",,,"108",,,,,,"97YW143291Y","LCV DCM Toyota Dyna",,,,"2011-06-05 00:00:00",,,,,,,,,,"147517",,,,,,,,,,,
"489",,"135",,,"100",,,,,,"98EL481583M","Hero Splendor Plus 100cc",,,,"2007-01-05 00:00:00",,,,,,,,,,"195688",,,,,,,,,,,
"490",,"149",,,"102",,,,,,"98FU702371W","Escort Tractor 60 HP",,,,"2019-03-14 00:00:00",,,,,,,,,,"22075",,,,,,,,,,,
"491",,"158",,,"98",,,,,,"98PS849624B","Piaggio Ape Auto Rickshaw",,,,"2012-05-14 00:00:00",,,,,,,,,,"7976",,,,,,,,,,,
"492",,"160",,,"114",,,,,,"98UJ626336O","Tata Prima 4028 Truck",,,,"2015-05-23 00:00:00",,,,,,,,,,"62483",,,,,,,,,,,
"493",,"128",,,"111",,,,,,"99AD219807R","Ashok Leyland Stallion 4x4",,,,"2018-07-01 00:00:00",,,,,,,,,,"24900",,,,,,,,,,,
"494",,"128",,,"89",,,,,,"99FC524861L","Ashok Leyland Stallion 4x4",,,,"2008-01-17 00:00:00",,,,,,,,,,"12985",,,,,,,,,,,
"495",,"152",,,"98",,,,,,"99LR865317N","Hero Passion Pro 110cc",,,,"2013-11-30 00:00:00",,,,,,,,,,"76816",,,,,,,,,,,
"496",,"149",,,"100",,,,,,"99MO241290M","Escort Tractor 60 HP",,,,"2019-03-23 00:00:00",,,,,,,,,,"66134",,,,,,,,,,,
"497",,"124",,,"98",,,,,,"99MU610616I","Tata 3/5 Ton-1015TC/36 & 42 FAT",,,,"2018-03-23 00:00:00",,,,,,,,,,"136977",,,,,,,,,,,
"498",,"136",,,"86",,,,,,"99RS465468M","Mahindra Commander Jeep",,,,"2010-09-11 00:00:00",,,,,,,,,,"134395",,,,,,,,,,,
"499",,"168",,,"113",,,,,,"99SX835926G","Land Rover Defender 110",,,,"2016-10-03 00:00:00",,,,,,,,,,"18218",,,,,,,,,,,
"500",,"124",,,"99",,,,,,"99YS539882C","Tata 3/5 Ton-1015TC/36 & 42 FAT",,,,"2009-08-27 00:00:00",,,,,,,,,,"181138",,,,,,,,,,,