"id","partnoid","voucherno","refjobid","reffaultid","quantityrequired","demandedby","demandeddate","returnpartno","receipts","receiptr","receiptu","issues","issuer","issueu","issueddate","noofdays","stockbalances","stockbalancer","stockbalanceu","demandnumber","receivedby","remarks","dateupdated","dataentryclk","procurementtime","status","approvedby","approvaldate","itemcall"
"1","36420",,"157",,,,,,,,,"CABLE ASSY CONTROL",,,,,,,,,,,,,,,,,
"2","10583980",,"21",,,,,,,,,"ROD CONNECTING",,,,,,,,,,,,,,,,,
"3","18873",,"167",,,,,,,,,"SOLENOID SWITCH",,,,,,,,,,,,,,,,,
"4","34461",,"161",,,,,,,,,"CIRCUIT CARD ASSY PRE-SCALAR & TCXO (C23",,,,,,,,,,,,,,,,,
"5","10445785",,"218",,,,,,,,,"ASSY REFILLING CONTAINER COMPLETE",,,,,,,,,,,,,,,,,
"6","34914",,"316",,,,,,,,,"PAINT RFU FIN MATT AS BR SPR WHITE",,,,,,,,,,,,,,,,,
"7","34712",,"489",,,,,,,,,"BALL JOINT RH",,,,,,,,,,,,,,,,,
"8","34093",,"45",,,,,,,,,"GASKET 06825-04",,,,,,,,,,,,,,,,,
"9","10036324",,"69",,,,,,,,,"INSULATION TAPE ELECTRICAL PVC ADHESIVE",,,,,,,,,,,,,,,,,
"10","10606158",,"222",,,,,,,,,"GUIDE BLOCK",,,,,,,,,,,,,,,,,
"11","18837",,"173",,,,,,,,,"MOTHER BOARD",,,,,,,,,,,,,,,,,
"12","23150",,"500",,,,,,,,,"SWITCH FRONT BRAKE LIGHT",,,,,,,,,,,,,,,,,
"13","38012",,"182",,,,,,,,,"INLET & EXHAUST VALVE SET",,,,,,,,,,,,,,,,,
"14","20780",,"255",,,,,,,,,"IGNITION COIL",,,,,,,,,,,,,,,,,
"15","36494",,"323",,,,,,,,,"AIR BREATHER PIPE",,,,,,,,,,,,,,,,,
"16","37278",,"109",,,,,,,,,"BLOCK FIRING PISTOL GRIP",,,,,,,,,,,,,,,,,
"17","20958",,"79",,,,,,,,,"SPRING FOOT STARTER RETURN",,,,,,,,,,,,,,,,,
"18","24743",,"288",,,,,,,,,"ROLLER CAGE (DOUBLE ROW)",,,,,,,,,,,,,,,,,
"19","36187",,"385",,,,,,,,,"RING FLY WHEEL GEAR Z-126",,,,,,,,,,,,,,,,,
"20","10450156",,"455",,,,,,,,,"PIPE TO IC TO ENGINE TURBO APRIATED",,,,,,,,,,,,,,,,,
"21","37239",,"103",,,,,,,,,"RECTIFIRE ASSY",,,,,,,,,,,,,,,,,
"22","34170",,"104",,,,,,,,,"WASHER SPRING TENSION (107 214 115 100)",,,,,,,,,,,,,,,,,
"23","38027",,"376",,,,,,,,,"PASSENGER/DRIVER FAN 24V",,,,,,,,,,,,,,,,,
"24","37059",,"178",,,,,,,,,"CABLE ASSY POWER ELECTRICAL CONNECTING A",,,,,,,,,,,,,,,,,
"25","37781",,"90",,,,,,,,,"RUBBER HOSE FOR VACCUM PUMP",,,,,,,,,,,,,,,,,
"26","33775",,"464",,,,,,,,,"HOSE RADIATOR OUTLET TO WATER PUMP",,,,,,,,,,,,,,,,,
"27","35581",,"393",,,,,,,,,"SHAFT SEALING GUFERO G 58X80X13 HHS",,,,,,,,,,,,,,,,,
"28","10451235",,"38",,,,,,,,,"ASSY CLUTCH MASTER CYLINDER",,,,,,,,,,,,,,,,,
"29","24743",,"348",,,,,,,,,"ROLLER CAGE (DOUBLE ROW)",,,,,,,,,,,,,,,,,
"30","10436459",,"499",,,,,,,,,"INJECTOR ASSY",,,,,,,,,,,,,,,,,
"31","18691",,"164",,,,,,,,,"ADHESIVE SYNTHETIC RESIN ARALDITE AY-105",,,,,,,,,,,,,,,,,
"32","10606127",,"252",,,,,,,,,"GUIDE BLOCK",,,,,,,,,,,,,,,,,
"33","23095",,"149",,,,,,,,,"LINK ROD ASSY",,,,,,,,,,,,,,,,,
"34","18690",,"282",,,,,,,,,"ADHESIVE PADDING GLUE (MOWICOL 'L')",,,,,,,,,,,,,,,,,
"35","36198",,"362",,,,,,,,,"STEERING GASKET",,,,,,,,,,,,,,,,,
"36","37058",,"74",,,,,,,,,"SWITCH PUSH RED TYPE 3 SA 1101 WITH NORM",,,,,,,,,,,,,,,,,
"37","36234",,"29",,,,,,,,,"LAMP ASSY PLUG",,,,,,,,,,,,,,,,,
"38","18577",,"105",,,,,,,,,"PIN COTTER SPLIT 8X10 STEEL",,,,,,,,,,,,,,,,,
"39","36565",,"297",,,,,,,,,"SIDE GLASS",,,,,,,,,,,,,,,,,
"40","20000032",,"19",,,,,,,,,"ASSY STEERING PUMP",,,,,,,,,,,,,,,,,
"41","14614",,"30",,,,,,,,,"GEAR SLIDING 21T & 18T MAIN SHAFT",,,,,,,,,,,,,,,,,
"42","35980",,"233",,,,,,,,,"S/A of Detent Plunger",,,,,,,,,,,,,,,,,
"43","35371",,"270",,,,,,,,,"ELEMENT FUEL FILTER",,,,,,,,,,,,,,,,,
"44","10329820",,"348",,,,,,,,,".HIGH PRESSURE HOSE JS 10X300 HVI",,,,,,,,,,,,,,,,,
"45","36006",,"243",,,,,,,,,"'O' RING",,,,,,,,,,,,,,,,,
"46","24662",,"188",,,,,,,,,"GASKET OIL DRAIN",,,,,,,,,,,,,,,,,
"47","29679",,"395",,,,,,,,,"RAM Service Kit",,,,,,,,,,,,,,,,,
"48","23375",,"374",,,,,,,,,"PLUG SPARK",,,,,,,,,,,,,,,,,
"49","10111878",,"95",,,,,,,,,"CIRCUIT CARD ASSEMBLY (MBRD CARD)",,,,,,,,,,,,,,,,,
"50","35843",,"334",,,,,,,,,"FUSE 15AMP",,,,,,,,,,,,,,,,,
"51","28252",,"182",,,,,,,,,"CAP OIL FILTER",,,,,,,,,,,,,,,,,
"52","20000150",,"24",,,,,,,,,"SPEEDOMETER",,,,,,,,,,,,,,,,,
"53","37675",,"420",,,,,,,,,"ASSY SPRING BRAKE ACTUATOR TYPE 16/56",,,,,,,,,,,,,,,,,
"54","35259",,"349",,,,,,,,,"KIT MASTER CYL (MINOR)",,,,,,,,,,,,,,,,,
"55","35324",,"71",,,,,,,,,"CELL OPTICAL ELEMENT",,,,,,,,,,,,,,,,,
"56","37926",,"135",,,,,,,,,"MSL GASKET (CYL HEAD TO CYL BARREL)",,,,,,,,,,,,,,,,,
"57","33456",,"137",,,,,,,,,"RUBBER SEAL",,,,,,,,,,,,,,,,,
"58","34611",,"40",,,,,,,,,"DRAIN SCREW M14X1.5",,,,,,,,,,,,,,,,,
"59","33731",,"119",,,,,,,,,"COIL ASSY IGNITION",,,,,,,,,,,,,,,,,
"60","37156",,"493",,,,,,,,,"VALVE SET EXHAUST",,,,,,,,,,,,,,,,,
"61","37934",,"403",,,,,,,,,"HORN COMP HIGH",,,,,,,,,,,,,,,,,
"62","36090",,"403",,,,,,,,,"FOURTEENTH LEAF",,,,,,,,,,,,,,,,,
"63","20000198",,"4",,,,,,,,,"WEIGHT 60 GM",,,,,,,,,,,,,,,,,
"64","35131",,"183",,,,,,,,,"SWITCH ROTARY MINIATURE 1 BANK 16 POSITI",,,,,,,,,,,,,,,,,
"65","37505",,"460",,,,,,,,,"VALVE DELIVERY",,,,,,,,,,,,,,,,,
"66","29570",,"3",,,,,,,,,"Brg Bush",,,,,,,,,,,,,,,,,
"67","34290",,"59",,,,,,,,,"TRAFFICATOR ASSY LH FRONT",,,,,,,,,,,,,,,,,
"68","36786",,"467",,,,,,,,,"LOGIC CARD BROTHER PRINTER ",,,,,,,,,,,,,,,,,
"69","10332008",,"185",,,,,,,,,"NBF INJECTOR",,,,,,,,,,,,,,,,,
"70","14604",,"242",,,,,,,,,"PETROL TANK CAP ASSY LOCKABLE",,,,,,,,,,,,,,,,,
"71","36206",,"428",,,,,,,,,"BEARING BALL 6210",,,,,,,,,,,,,,,,,
"72","33575",,"71",,,,,,,,,"ROD WELDING SILICON BRONZE 6.30MM",,,,,,,,,,,,,,,,,
"73","34467",,"276",,,,,,,,,"GASKET SET FULL",,,,,,,,,,,,,,,,,
"74","35484",,"1",,,,,,,,,"NUT SELF LOCKING ROUND/GROOVED NUT",,,,,,,,,,,,,,,,,
"75","20760",,"260",,,,,,,,,"PANEL ELECTR CIRCUT LINE CARD",,,,,,,,,,,,,,,,,
"76","36995",,"164",,,,,,,,,"BATTERY COVER (BC )",,,,,,,,,,,,,,,,,
"77","33901",,"164",,,,,,,,,"RAM DDR3 2GB",,,,,,,,,,,,,,,,,
"78","33824",,"474",,,,,,,,,"'V' BELT (COGGED 980 IG)",,,,,,,,,,,,,,,,,
"79","34429",,"199",,,,,,,,,"Solenoid Valve",,,,,,,,,,,,,,,,,
"80","35920",,"170",,,,,,,,,"WASHER 22 ODX105IDX2T",,,,,,,,,,,,,,,,,
"81","35029",,"428",,,,,,,,,"SWITCH TOGGLE DPDT-2A 250V MC ENG CO TYP",,,,,,,,,,,,,,,,,
"82","10334260",,"449",,,,,,,,,"DRUM ASSY P/1552",,,,,,,,,,,,,,,,,
"83","36677",,"109",,,,,,,,,"SPRING AXLE HOUSING BREAT",,,,,,,,,,,,,,,,,
"84","34746",,"158",,,,,,,,,"CAM SHAFT",,,,,,,,,,,,,,,,,
"85","35159",,"92",,,,,,,,,"CAP PROTECTIVE DUST AND MOISTURE SEAL",,,,,,,,,,,,,,,,,
"86","18642",,"459",,,,,,,,,"LEADED BRASS ROD ROUND 10.00 MM",,,,,,,,,,,,,,,,,
"87","36837",,"303",,,,,,,,,"REPAIR KIT FOR AIR PRESSURE GOVERNOR",,,,,,,,,,,,,,,,,
"88","33865",,"80",,,,,,,,,"PRESSURE SPRING",,,,,,,,,,,,,,,,,
"89","34588",,"474",,,,,,,,,"MINOR  KIT CALIPER KB X280",,,,,,,,,,,,,,,,,
"90","10327439",,"260",,,,,,,,,"PROPELLER SHAFT/AGB TO FRONT & REAR AXLE",,,,,,,,,,,,,,,,,
"91","10075093",,"491",,,,,,,,,"BUZZER",,,,,,,,,,,,,,,,,
"92","34619",,"211",,,,,,,,,"LINE",,,,,,,,,,,,,,,,,
"93","36452",,"87",,,,,,,,,"CPU FAN COOLER",,,,,,,,,,,,,,,,,
"94","25525",,"23",,,,,,,,,"HOSE(4720-014153/X-1916510)",,,,,,,,,,,,,,,,,
"95","35457",,"309",,,,,,,,,"SCREW BA NON MAGNATIC BRASS IN STT 10X10",,,,,,,,,,,,,,,,,
"96","34379",,"430",,,,,,,,,"YOKE SLIDING",,,,,,,,,,,,,,,,,
"97","10333308",,"20",,,,,,,,,"RING GEAR",,,,,,,,,,,,,,,,,
"98","37033",,"225",,,,,,,,,"CABLE ASSY SPL PURPOSE ELECT 50MM LONG C",,,,,,,,,,,,,,,,,
"99","35002",,"130",,,,,,,,,"PLATE MOUNTING FRONT KEY PAD",,,,,,,,,,,,,,,,,
"100","17532",,"370",,,,,,,,,"PLATE BUTT (ALLUMINIUM)",,,,,,,,,,,,,,,,,
"101","34558",,"99",,,,,,,,,"'O' RING",,,,,,,,,,,,,,,,,
"102","34947",,"87",,,,,,,,,"CABLE ASSY SPECIAL PURPOSE ELECT RICAL 2",,,,,,,,,,,,,,,,,
"103","34782",,"3",,,,,,,,,"BUSHING-7X2 CSN 63 3881.1",,,,,,,,,,,,,,,,,
"104","23386",,"17",,,,,,,,,"GASKET MUFFLER.",,,,,,,,,,,,,,,,,
"105","35774",,"46",,,,,,,,,"HORN",,,,,,,,,,,,,,,,,
"106","34107",,"94",,,,,,,,,"LEVER ASSEMBLY CLUTCH(130 074 711 754)",,,,,,,,,,,,,,,,,
"107","34688",,"270",,,,,,,,,"SPRING",,,,,,,,,,,,,,,,,
"108","33679",,"453",,,,,,,,,"LOUDSPEAKER PERMANENT MAGNET",,,,,,,,,,,,,,,,,
"109","33453",,"369",,,,,,,,,"BUSH STABLISER MOUNT",,,,,,,,,,,,,,,,,
"110","36805",,"497",,,,,,,,,"ARM ROCKER VALVE",,,,,,,,,,,,,,,,,
"111","37842",,"290",,,,,,,,,"RADIATOR",,,,,,,,,,,,,,,,,
"112","36487",,"449",,,,,,,,,"REGULATOR - CONTROL  ELECTRONIC  ENGINE",,,,,,,,,,,,,,,,,
"113","33951",,"334",,,,,,,,,"PANLE ELECTRONIC CKT AGC & MON CIRCUIT",,,,,,,,,,,,,,,,,
"114","18842",,"7",,,,,,,,,"ROLLER BRG OUTER",,,,,,,,,,,,,,,,,
"115","37634",,"383",,,,,,,,,"UNLOADER VALVE",,,,,,,,,,,,,,,,,
"116","36330",,"113",,,,,,,,,"CABLE ASSY BATTERY TO EARTH",,,,,,,,,,,,,,,,,
"117","29459",,"172",,,,,,,,,"Thrust Washer",,,,,,,,,,,,,,,,,
"118","20000379",,"371",,,,,,,,,"POWER ADOPTER EPSON",,,,,,,,,,,,,,,,,
"119","35005",,"243",,,,,,,,,"LED GREEN",,,,,,,,,,,,,,,,,
"120","21237",,"400",,,,,,,,,"BUSHING SLEEVE",,,,,,,,,,,,,,,,,
"121","10031114",,"466",,,,,,,,,"PANEL ASSY LHP 260 (RT 6001)",,,,,,,,,,,,,,,,,
"122","10418357",,"325",,,,,,,,,"PAINT RFU AIR DRY BR SPR ENA GREEN GRASS",,,,,,,,,,,,,,,,,
"123","35804",,"489",,,,,,,,,"BEARING NRA",,,,,,,,,,,,,,,,,
"124","36092",,"239",,,,,,,,,"SISTEENTHLEAF",,,,,,,,,,,,,,,,,
"125","37754",,"208",,,,,,,,,"PINION OIL SEAL KIT 59",,,,,,,,,,,,,,,,,
"126","38091",,"37",,,,,,,,,"SERVICE KIT",,,,,,,,,,,,,,,,,
"127","10018139",,"97",,,,,,,,,"CLOTH HESSAIN LIGHT 100 CM WIDE",,,,,,,,,,,,,,,,,
"128","23728",,"123",,,,,,,,,"WEATHER STRIP",,,,,,,,,,,,,,,,,
"129","28940",,"337",,,,,,,,,"KNOB",,,,,,,,,,,,,,,,,
"130","33805",,"276",,,,,,,,,"DECK COVERING SEALING COATING",,,,,,,,,,,,,,,,,
"131","37511",,"389",,,,,,,,,"Element filter",,,,,,,,,,,,,,,,,
"132","35160",,"151",,,,,,,,,"CAP PROTECTIVE DUST AND MOISTURE SEAL 27",,,,,,,,,,,,,,,,,
"133","28445",,"442",,,,,,,,,"BELT WATER PUMP",,,,,,,,,,,,,,,,,
"134","35144",,"259",,,,,,,,,"CONNECTOR RCPT SLD BAY 26 X2/5935-943149",,,,,,,,,,,,,,,,,
"135","35454",,"63",,,,,,,,,"IMPACT PROTECTOR MUZZLE",,,,,,,,,,,,,,,,,
"136","35969",,"137",,,,,,,,,"Hose",,,,,,,,,,,,,,,,,
"137","37768",,"309",,,,,,,,,"ASSY BALL JOINTS UPPER WISHBONE",,,,,,,,,,,,,,,,,
"138","28603",,"119",,,,,,,,,"Gasket Case Centre",,,,,,,,,,,,,,,,,
"139","28592",,"435",,,,,,,,,"GEAR SPEEDOMETER DRIVE",,,,,,,,,,,,,,,,,
"140","20000106",,"320",,,,,,,,,"VGA CARD",,,,,,,,,,,,,,,,,
"141","10337977",,"398",,,,,,,,,"RUBBER STEP",,,,,,,,,,,,,,,,,
"142","34771",,"462",,,,,,,,,"HOSE 6X300-1111 Z ON 63 5412.02",,,,,,,,,,,,,,,,,
"143","34803",,"126",,,,,,,,,"PISTON RING SCRAPPER TYPE 7-2278-52-0/3",,,,,,,,,,,,,,,,,
"144","37646",,"246",,,,,,,,,"HEAD LAMP ASSY",,,,,,,,,,,,,,,,,
"145","36165",,"439",,,,,,,,,"MAIN LEAF",,,,,,,,,,,,,,,,,
"146","20000004",,"5",,,,,,,,,"GASKET GEAR CASE",,,,,,,,,,,,,,,,,
"147","10487887",,"99",,,,,,,,,"ELEMENT AIR CLEANER",,,,,,,,,,,,,,,,,
"148","36328",,"455",,,,,,,,,"AIR CLEANER ASSLY CA2 (WITH BUSH)",,,,,,,,,,,,,,,,,
"149","37984",,"432",,,,,,,,,"INJECTOR",,,,,,,,,,,,,,,,,
"150","28852",,"265",,,,,,,,,"SEAL  PISTON",,,,,,,,,,,,,,,,,
"151","34142",,"500",,,,,,,,,"SCREW WOOD (106 231 140 608 )",,,,,,,,,,,,,,,,,
"152","33686",,"296",,,,,,,,,"IBLE PCB ASSEMBLY A6 A8 40P",,,,,,,,,,,,,,,,,
"153","22053",,"123",,,,,,,,,"COPPER WASHER 18 DIA",,,,,,,,,,,,,,,,,
"154","10472620",,"477",,,,,,,,,"SENSOR WATER THERMO",,,,,,,,,,,,,,,,,
"155","10584834",,"498",,,,,,,,,"FIXING BRACKET ASSY",,,,,,,,,,,,,,,,,
"156","16625",,"86",,,,,,,,,"OIL SEAL",,,,,,,,,,,,,,,,,
"157","34403",,"316",,,,,,,,,"SCREW",,,,,,,,,,,,,,,,,
"158","37095",,"466",,,,,,,,,"ENGINE BRAKE SWITCH",,,,,,,,,,,,,,,,,
"159","34495",,"446",,,,,,,,,"CABLE ASSY (SYSTEM UNIT)",,,,,,,,,,,,,,,,,
"160","34972",,"72",,,,,,,,,"COVER PROTECTIVE DUST & MOI STURE SEAL W",,,,,,,,,,,,,,,,,
"161","37603",,"331",,,,,,,,,"SPEEDOMETER (RATIO/0 80)",,,,,,,,,,,,,,,,,
"162","20000388",,"232",,,,,,,,,"SPEEDOMETER ASSY",,,,,,,,,,,,,,,,,
"163","20000507",,"236",,,,,,,,,"LOGIC CAD 1020",,,,,,,,,,,,,,,,,
"164","36545",,"245",,,,,,,,,"AIR DRYER KIT WITH FILTER",,,,,,,,,,,,,,,,,
"165","10450156",,"16",,,,,,,,,"PIPE TO IC TO ENGINE TURBO APRIATED",,,,,,,,,,,,,,,,,
"166","38070",,"64",,,,,,,,,"BRAKE PADEL",,,,,,,,,,,,,,,,,
"167","34168",,"42",,,,,,,,,"NUT  PLAIN  HEXAGON (107 120 314 120)",,,,,,,,,,,,,,,,,
"168","20000492",,"314",,,,,,,,,"ENG STOP SOLENOID",,,,,,,,,,,,,,,,,
"169","34227",,"274",,,,,,,,,"ACCELERATOR CABLE",,,,,,,,,,,,,,,,,
"170","18126",,"337",,,,,,,,,"TEFLON FOR ICON 0273",,,,,,,,,,,,,,,,,
"171","36030",,"359",,,,,,,,,"Servo Motor",,,,,,,,,,,,,,,,,
"172","34750",,"170",,,,,,,,,"RADIATOR HOSE",,,,,,,,,,,,,,,,,
"173","36599",,"95",,,,,,,,,"(DELETED) CIRCUIT CARD ASSY MEMORY CIRCUIT C25",,,,,,,,,,,,,,,,,
"174","37547",,"492",,,,,,,,,"KIT WHEEL CYLINDER ASSY (MAJOR)",,,,,,,,,,,,,,,,,
"175","33422",,"186",,,,,,,,,"OIL SEAL",,,,,,,,,,,,,,,,,
"176","34864",,"18",,,,,,,,,"GASKET",,,,,,,,,,,,,,,,,
"177","37563",,"70",,,,,,,,,"COMBINATION SWITCH",,,,,,,,,,,,,,,,,
"178","20000338",,"195",,,,,,,,,"SHAFT (SELF)",,,,,,,,,,,,,,,,,
"179","35932",,"241",,,,,,,,,"Turbo charger-Re-Entrant",,,,,,,,,,,,,,,,,
"180","10302573",,"235",,,,,,,,,"TENSIONEER BELT",,,,,,,,,,,,,,,,,
"181","10448274",,"373",,,,,,,,,"RECTIFIER ASSY(LU-26948003A)",,,,,,,,,,,,,,,,,
"182","19014",,"6",,,,,,,,,"THREADED RING",,,,,,,,,,,,,,,,,
"183","23032",,"269",,,,,,,,,"PISTON RING SET (0.040  O/S)",,,,,,,,,,,,,,,,,
"184","23077",,"291",,,,,,,,,"SPRING",,,,,,,,,,,,,,,,,
"185","33952",,"294",,,,,,,,,"CABLE ASSEMBLY SPECIAL PURPOSE",,,,,,,,,,,,,,,,,
"186","33616",,"285",,,,,,,,,"TUBING RUBBER INTERNAL DIAMETRE 20 MM",,,,,,,,,,,,,,,,,
"187","19010",,"274",,,,,,,,,"OIL SEAL",,,,,,,,,,,,,,,,,
"188","33621",,"209",,,,,,,,,"POLY V BELT",,,,,,,,,,,,,,,,,
"189","36740",,"442",,,,,,,,,"ASSY PADDING DOOR FRONT LH",,,,,,,,,,,,,,,,,
"190","34025",,"310",,,,,,,,,"GASKET CRANK CASE TO CYL BARREL",,,,,,,,,,,,,,,,,
"191","10334543",,"309",,,,,,,,,"O-RING",,,,,,,,,,,,,,,,,
"192","22957",,"94",,,,,,,,,"BRACKET FLASHER UNIT",,,,,,,,,,,,,,,,,
"193","20000043",,"29",,,,,,,,,"PNEUMATIC CONNECTOR",,,,,,,,,,,,,,,,,
"194","24806",,"279",,,,,,,,,"LEAF 9TH",,,,,,,,,,,,,,,,,
"195","20000096",,"109",,,,,,,,,"BRAKE SHOE LINING",,,,,,,,,,,,,,,,,
"196","33551",,"133",,,,,,,,,"REPAIR KIT (MAJOR)M/C",,,,,,,,,,,,,,,,,
"197","10362180",,"187",,,,,,,,,"STAY ASSY",,,,,,,,,,,,,,,,,
"198","34821",,"81",,,,,,,,,"BALANCING GEAR",,,,,,,,,,,,,,,,,
"199","23803",,"25",,,,,,,,,"PUMP HYDRAULIC RAM HAND DRIVEN",,,,,,,,,,,,,,,,,
"200","24584",,"289",,,,,,,,,"HOSE FLEXIBLE",,,,,,,,,,,,,,,,,
"201","33762",,"106",,,,,,,,,"GASKET",,,,,,,,,,,,,,,,,
"202","35486",,"393",,,,,,,,,"FLEXIBLE HOSE ASSY",,,,,,,,,,,,,,,,,
"203","34370",,"184",,,,,,,,,"REGULATOR ASSY",,,,,,,,,,,,,,,,,
"204","35945",,"211",,,,,,,,,"Pad Engine Mounting",,,,,,,,,,,,,,,,,
"205","34549",,"373",,,,,,,,,"(DELETED) HOSE AIR INTAKE",,,,,,,,,,,,,,,,,
"206","34700",,"204",,,,,,,,,"STUD BOLT",,,,,,,,,,,,,,,,,
"207","34852",,"81",,,,,,,,,"SIDE GASKET 548 MM (442-954-162-984)",,,,,,,,,,,,,,,,,
"208","29943",,"355",,,,,,,,,"D V Assy",,,,,,,,,,,,,,,,,
"209","20000180",,"20",,,,,,,,,"KEY",,,,,,,,,,,,,,,,,
"210","18581",,"236",,,,,,,,,"NAILS STEEL WIRE ROUND 40MM X 2 MM",,,,,,,,,,,,,,,,,
"211","29572",,"236",,,,,,,,,"Drive Assy",,,,,,,,,,,,,,,,,
"212","29355",,"191",,,,,,,,,"INSULATOR CARBURETOR",,,,,,,,,,,,,,,,,
"213","20000316",,"82",,,,,,,,,"FAN BELT",,,,,,,,,,,,,,,,,
"214","10403898",,"137",,,,,,,,,"PIN FIRING ROD HEAD",,,,,,,,,,,,,,,,,
"215","29653",,"472",,,,,,,,,"Assy of Damper Front and Rear",,,,,,,,,,,,,,,,,
"216","36247",,"263",,,,,,,,,"BEARING THRUST 51207",,,,,,,,,,,,,,,,,
"217","37006",,"188",,,,,,,,,"CONTACT KNOB",,,,,,,,,,,,,,,,,
"218","20000360",,"3",,,,,,,,,"HOSE HIGH PRESSURE",,,,,,,,,,,,,,,,,
"219","10341081",,"274",,,,,,,,,"FILM FINGERPRINT LIFTING",,,,,,,,,,,,,,,,,
"220","33721",,"313",,,,,,,,,"AUXILARY WATER TANK",,,,,,,,,,,,,,,,,
"221","20000199",,"372",,,,,,,,,"WEIGHT 65 GM",,,,,,,,,,,,,,,,,
"222","10331151",,"1",,,,,,,,,"CLUTCH BOOSTER",,,,,,,,,,,,,,,,,
"223","34281",,"428",,,,,,,,,"CABLE ASSY RADIO FRQ CO-AXIAL 125MM LONG",,,,,,,,,,,,,,,,,
"224","18998",,"174",,,,,,,,,"GASKET CYLINDER HEAD COVER",,,,,,,,,,,,,,,,,
"225","20000049",,"181",,,,,,,,,"VALVE PLATE ASSY",,,,,,,,,,,,,,,,,
"226","10535495",,"494",,,,,,,,,"CLOTH COATED LEATHER PVC LIGHT GREY 127-",,,,,,,,,,,,,,,,,
"227","18709",,"47",,,,,,,,,"PAPER WRAPPING 735 X 1120 MM X 0.04 MM",,,,,,,,,,,,,,,,,
"228","10341705",,"153",,,,,,,,,"TRAFFICATOR ASSY LH FRONT",,,,,,,,,,,,,,,,,
"229","34610",,"475",,,,,,,,,"FUSE BOX",,,,,,,,,,,,,,,,,
"230","29514",,"52",,,,,,,,,"Selector Plate 3rd and 4th",,,,,,,,,,,,,,,,,
"231","36768",,"98",,,,,,,,,"VALVE DELIVERY",,,,,,,,,,,,,,,,,
"232","15738",,"470",,,,,,,,,"SPACER 5.8MM",,,,,,,,,,,,,,,,,
"233","34713",,"413",,,,,,,,,"TAPPER ROLLER BRG",,,,,,,,,,,,,,,,,
"234","34064",,"488",,,,,,,,,"COIL SYSTEM 1-3",,,,,,,,,,,,,,,,,
"235","33778",,"35",,,,,,,,,"SEAL PLAIN (101 111 014 594)",,,,,,,,,,,,,,,,,
"236","33898",,"446",,,,,,,,,"OIL COOLER GASKET",,,,,,,,,,,,,,,,,
"237","28932",,"274",,,,,,,,,"WEATHER STRIP DOOR OUTER",,,,,,,,,,,,,,,,,
"238","33668",,"420",,,,,,,,,"AMP METER",,,,,,,,,,,,,,,,,
"239","22901",,"216",,,,,,,,,"STUDE",,,,,,,,,,,,,,,,,
"240","33625",,"144",,,,,,,,,"CABLE STARTING MOTOR",,,,,,,,,,,,,,,,,
"241","28625",,"289",,,,,,,,,"Motor assy starting",,,,,,,,,,,,,,,,,
"242","34419",,"362",,,,,,,,,"TRAFFICATOR ASSY FRONT RH",,,,,,,,,,,,,,,,,
"243","23244",,"428",,,,,,,,,"PAINT RFU ENA LIGHT BLUE",,,,,,,,,,,,,,,,,
"244","10414461",,"286",,,,,,,,,"SOLDER SOFT GRADE-F  ROSIN CORED 50  TIN",,,,,,,,,,,,,,,,,
"245","20000540",,"366",,,,,,,,,"BONET LOCK",,,,,,,,,,,,,,,,,
"246","36280",,"370",,,,,,,,,"GASKET TIMING GEAR COVER",,,,,,,,,,,,,,,,,
"247","36001",,"348",,,,,,,,,"SYNCHRO RING 1st AND 2nd",,,,,,,,,,,,,,,,,
"248","35832",,"361",,,,,,,,,"GRIP COMPLETE THROTTLE RH",,,,,,,,,,,,,,,,,
"249","37917",,"257",,,,,,,,,"POWER STEERING GEAR ASSY",,,,,,,,,,,,,,,,,
"250","34016",,"387",,,,,,,,,"SELECTOR FORK SHAFT",,,,,,,,,,,,,,,,,
"251","10406981",,"157",,,,,,,,,"EXCTRACTOR SMALL ARMS CARTRIDGE",,,,,,,,,,,,,,,,,
"252","35674",,"400",,,,,,,,,"COPPER WASHER 18 DIA",,,,,,,,,,,,,,,,,
"253","15739",,"51",,,,,,,,,"SPACER WASHER 5.1 MM",,,,,,,,,,,,,,,,,
"254","10448589",,"196",,,,,,,,,"PANEL FRONT",,,,,,,,,,,,,,,,,
"255","23080",,"48",,,,,,,,,"FELT WHEEL SPOKE INNER",,,,,,,,,,,,,,,,,
"256","28257",,"108",,,,,,,,,"VALVE GUIDE",,,,,,,,,,,,,,,,,
"257","10463309",,"136",,,,,,,,,"TENSIONER BELT",,,,,,,,,,,,,,,,,
"258","34150",,"423",,,,,,,,,"SCREW  CAP  HEXAGON HEAD",,,,,,,,,,,,,,,,,
"259","37088",,"477",,,,,,,,,"OIL FILTER",,,,,,,,,,,,,,,,,
"260","34843",,"482",,,,,,,,,"SURPLUS OIL RETURN TUBE",,,,,,,,,,,,,,,,,
"261","34327",,"256",,,,,,,,,"'O' RING",,,,,,,,,,,,,,,,,
"262","34245",,"361",,,,,,,,,"CLUTCH MAGNETIC NON-VEHICULAR/OVER",,,,,,,,,,,,,,,,,
"263","23296",,"239",,,,,,,,,"COMBINATION SWITCH",,,,,,,,,,,,,,,,,
"264","37093",,"354",,,,,,,,,"LOGIC CONTROL CARD",,,,,,,,,,,,,,,,,
"265","34030",,"129",,,,,,,,,"SPARKING PLUG",,,,,,,,,,,,,,,,,
"266","35776",,"345",,,,,,,,,"PROTECTIVE BAG",,,,,,,,,,,,,,,,,
"267","18661",,"115",,,,,,,,,"PAINT RFU PRIMING RED OXIDE",,,,,,,,,,,,,,,,,
"268","22982",,"299",,,,,,,,,"THROTTLE ADJUSTER",,,,,,,,,,,,,,,,,
"269","29669",,"287",,,,,,,,,"Insulator rear cabin bush",,,,,,,,,,,,,,,,,
"270","36759",,"58",,,,,,,,,"DRAIN COCK",,,,,,,,,,,,,,,,,
"271","28493",,"191",,,,,,,,,"RETAINER INPUT SHAFT BEARING",,,,,,,,,,,,,,,,,
"272","35152",,"430",,,,,,,,,"KNOB",,,,,,,,,,,,,,,,,
"273","21238",,"434",,,,,,,,,"REPAIR KIT (MSP 3/62) HAND CONTROL VALVE",,,,,,,,,,,,,,,,,
"274","33276",,"390",,,,,,,,,"Master Cylindrical repair kit",,,,,,,,,,,,,,,,,
"275","18579",,"497",,,,,,,,,"NAILS STEEL WIRE ROUND 25MM X 2 MM",,,,,,,,,,,,,,,,,
"276","37337",,"451",,,,,,,,,"BUTT ASSY",,,,,,,,,,,,,,,,,
"277","35354",,"387",,,,,,,,,"TAPER ROLLER BEARING",,,,,,,,,,,,,,,,,
"278","20119",,"384",,,,,,,,,"CYLINDER ASSY REAR WHEEL LH",,,,,,,,,,,,,,,,,
"279","24674",,"219",,,,,,,,,"Clutch Release brg",,,,,,,,,,,,,,,,,
"280","34733",,"486",,,,,,,,,"SPEEDOMETER DRIVE",,,,,,,,,,,,,,,,,
"281","36559",,"336",,,,,,,,,"TIMING BELT(136 TEETH)",,,,,,,,,,,,,,,,,
"282","35349",,"454",,,,,,,,,"GASKET",,,,,,,,,,,,,,,,,
"283","33474",,"384",,,,,,,,,"REGULATOR ASSY RH",,,,,,,,,,,,,,,,,
"284","10596912",,"489",,,,,,,,,"SODA ASHTECHNICAL",,,,,,,,,,,,,,,,,
"285","20000426",,"7",,,,,,,,,"CLUTCH FACING RING",,,,,,,,,,,,,,,,,
"286","29425",,"443",,,,,,,,,"Propeller Shaft Sprocket",,,,,,,,,,,,,,,,,
"287","36992",,"43",,,,,,,,,"CAP RECTING SPRING",,,,,,,,,,,,,,,,,
"288","35960",,"451",,,,,,,,,"Hose Rad Outlet",,,,,,,,,,,,,,,,,
"289","10347041",,"106",,,,,,,,,"SPEEDOMETER ASSY",,,,,,,,,,,,,,,,,
"290","28602",,"356",,,,,,,,,"Cover boot",,,,,,,,,,,,,,,,,
"291","34254",,"42",,,,,,,,,"(DELETED) LEAK OFF PIPE  FILTER TO TANK",,,,,,,,,,,,,,,,,
"292","10479573",,"335",,,,,,,,,"WC KIT",,,,,,,,,,,,,,,,,
"293","22078",,"342",,,,,,,,,"SEAL SUB ASSY COOLANT PUMP",,,,,,,,,,,,,,,,,
"294","34918",,"272",,,,,,,,,"CIRCUIT CARD ASSY KEY BOARD ASSY",,,,,,,,,,,,,,,,,
"295","14729",,"172",,,,,,,,,"SWITCH ASSY COMBINATION",,,,,,,,,,,,,,,,,
"296","36998",,"155",,,,,,,,,"POTENT METER LOUDENSS",,,,,,,,,,,,,,,,,
"297","34203",,"106",,,,,,,,,"GASKET",,,,,,,,,,,,,,,,,
"298","25450",,"441",,,,,,,,,"ASSY BALL JOINT LH",,,,,,,,,,,,,,,,,
"299","18691",,"248",,,,,,,,,"ADHESIVE SYNTHETIC RESIN ARALDITE AY-105",,,,,,,,,,,,,,,,,
"300","20000399",,"167",,,,,,,,,"RAM DDR 3 8GB (SERVER)",,,,,,,,,,,,,,,,,
"301","18695",,"32",,,,,,,,,"CLOTH DOSUTIE COTTON BLUE 91 CM WIDE",,,,,,,,,,,,,,,,,
"302","24838",,"458",,,,,,,,,"RUBBER GROMENT",,,,,,,,,,,,,,,,,
"303","35302",,"442",,,,,,,,,"FUSE BOX (SUMO)",,,,,,,,,,,,,,,,,
"304","36857",,"69",,,,,,,,,"OIL SEAL (17-29XS)",,,,,,,,,,,,,,,,,
"305","34819",,"201",,,,,,,,,"PROTECTIVE BAG",,,,,,,,,,,,,,,,,
"306","34982",,"285",,,,,,,,,"WIRING HARNESS",,,,,,,,,,,,,,,,,
"307","24771",,"306",,,,,,,,,"ASSY FRONT SPRG",,,,,,,,,,,,,,,,,
"308","23363",,"334",,,,,,,,,"TUBE, BREATHER",,,,,,,,,,,,,,,,,
"309","36016",,"464",,,,,,,,,"ON/OFF SWITCH",,,,,,,,,,,,,,,,,
"310","38088",,"37",,,,,,,,,"SPARE WHEEL LIFTING ROPE",,,,,,,,,,,,,,,,,
"311","35088",,"309",,,,,,,,,"(DELETED) WASHER SPR SST M3",,,,,,,,,,,,,,,,,
"312","36797",,"372",,,,,,,,,"TAPPER ROLLER BRG INNER (130X63.5X36.94)",,,,,,,,,,,,,,,,,
"313","23044",,"147",,,,,,,,,"FLY WHEEL DRIVING SIDE",,,,,,,,,,,,,,,,,
"314","35901",,"372",,,,,,,,,"GASKET FEED PUMP",,,,,,,,,,,,,,,,,
"315","34978",,"352",,,,,,,,,"CONNECTOR ASSY ELECTRICAL FILTOR ASSY 3Y",,,,,,,,,,,,,,,,,
"316","33747",,"321",,,,,,,,,"OIL SEAL",,,,,,,,,,,,,,,,,
"317","10337011",,"415",,,,,,,,,"HOSE  METALLIC",,,,,,,,,,,,,,,,,
"318","22358",,"163",,,,,,,,,"INSUL BUSH",,,,,,,,,,,,,,,,,
"319","22001",,"402",,,,,,,,,"BALL JOINT",,,,,,,,,,,,,,,,,
"320","35284",,"212",,,,,,,,,"CAB LIFT HANDLE 7/8 ODX11 BG THK 1 MTR",,,,,,,,,,,,,,,,,
"321","34708",,"457",,,,,,,,,"SPRING BRAKE SHOE RETURN ",,,,,,,,,,,,,,,,,
"322","10332343",,"444",,,,,,,,,"BRAKE SHOE ASSY FRONT",,,,,,,,,,,,,,,,,
"323","20000307",,"163",,,,,,,,,"BC KIT CARD",,,,,,,,,,,,,,,,,
"324","37062",,"440",,,,,,,,,"Power Supply Card (Konica)",,,,,,,,,,,,,,,,,
"325","37337",,"1",,,,,,,,,"BUTT ASSY",,,,,,,,,,,,,,,,,
"326","22325",,"255",,,,,,,,,"ASSY TEMP GAUGE",,,,,,,,,,,,,,,,,
"327","34386",,"355",,,,,,,,,"HALOGEN LAMP 24V 75/70 W",,,,,,,,,,,,,,,,,
"328","16752",,"130",,,,,,,,,"LENS LH (FRONT LAMP)",,,,,,,,,,,,,,,,,
"329","34071",,"157",,,,,,,,,"COLLAR",,,,,,,,,,,,,,,,,
"330","22393",,"116",,,,,,,,,"RUBBER MOULD W/S GLASS",,,,,,,,,,,,,,,,,
"331","35437",,"57",,,,,,,,,"CONNECTING HEAD KIT FOR COUPLING",,,,,,,,,,,,,,,,,
"332","35243",,"112",,,,,,,,,"DOOR PULL HANDLE",,,,,,,,,,,,,,,,,
"333","29467",,"185",,,,,,,,,"Oil Seal ring",,,,,,,,,,,,,,,,,
"334","33634",,"496",,,,,,,,,"TUBING COPPER ROUND SEAMLESS OD 5MM X WT",,,,,,,,,,,,,,,,,
"335","20000393",,"192",,,,,,,,,"SIDE WINDOW GLASS BEEDING",,,,,,,,,,,,,,,,,
"336","20000176",,"357",,,,,,,,,"4 POLE CONNECTOR",,,,,,,,,,,,,,,,,
"337","29673",,"234",,,,,,,,,"W/S door outer upper RH",,,,,,,,,,,,,,,,,
"338","34004",,"414",,,,,,,,,"ASSY OF WIDE ANGLE MIRROR",,,,,,,,,,,,,,,,,
"339","38009",,"499",,,,,,,,,"2-POLE ISOLATOR SWITCH",,,,,,,,,,,,,,,,,
"340","34641",,"9",,,,,,,,,"LIGHT MARKER CLEARANCE/ROOF LAMP RH",,,,,,,,,,,,,,,,,
"341","35188",,"176",,,,,,,,,"REGULATOR ASSY FRT DR WINDOW LH ",,,,,,,,,,,,,,,,,
"342","22437",,"440",,,,,,,,,"SHIM 0.14MM THICK",,,,,,,,,,,,,,,,,
"343","34497",,"487",,,,,,,,,"CLAM HOSE WORM DRIVE 2.3/4 TO 3.1/2",,,,,,,,,,,,,,,,,
"344","35063",,"214",,,,,,,,,"PANEL ELECTRONIC CIRCUIT 1KHZ OSCILLATOR",,,,,,,,,,,,,,,,,
"345","33876",,"240",,,,,,,,,"HEAD LAMP (F-8043900) (6220-004178)",,,,,,,,,,,,,,,,,
"346","10333308",,"157",,,,,,,,,"RING GEAR",,,,,,,,,,,,,,,,,
"347","10606127",,"13",,,,,,,,,"GUIDE BLOCK",,,,,,,,,,,,,,,,,
"348","35755",,"339",,,,,,,,,"TRAFFICATOR ASSY FRONT LH",,,,,,,,,,,,,,,,,
"349","20000379",,"366",,,,,,,,,"POWER ADOPTER EPSON",,,,,,,,,,,,,,,,,
"350","34183",,"107",,,,,,,,,"HEX NUT M10 IS:1367(PART-6) CL6",,,,,,,,,,,,,,,,,
"351","33952",,"396",,,,,,,,,"CABLE ASSEMBLY SPECIAL PURPOSE",,,,,,,,,,,,,,,,,
"352","34632",,"219",,,,,,,,,"COMBI SWITCH(MS HARNESS)",,,,,,,,,,,,,,,,,
"353","35787",,"22",,,,,,,,,"GASKET",,,,,,,,,,,,,,,,,
"354","21665",,"200",,,,,,,,,"PLUG ELELCTRICAL 4 POLE 60A 500V AC",,,,,,,,,,,,,,,,,
"355","33555",,"102",,,,,,,,,"FILTER ELMENT (COIL TYPE)",,,,,,,,,,,,,,,,,
"356","36462",,"189",,,,,,,,,"CABLE ASSY CONTROL",,,,,,,,,,,,,,,,,
"357","10452408",,"344",,,,,,,,,"LAMP 24V 2 W",,,,,,,,,,,,,,,,,
"358","36583",,"350",,,,,,,,,"PIPE UNION BOLT 8M12X1.5",,,,,,,,,,,,,,,,,
"359","36652",,"341",,,,,,,,,"MONITOR LED 17'' AOC",,,,,,,,,,,,,,,,,
"360","33849",,"428",,,,,,,,,"FILTER ASSY OIL",,,,,,,,,,,,,,,,,
"361","37550",,"288",,,,,,,,,"HAND BRAKE CABLE",,,,,,,,,,,,,,,,,
"362","37032",,"164",,,,,,,,,"(DELETED) FLAT CABLE ASSY",,,,,,,,,,,,,,,,,
"363","35712",,"105",,,,,,,,,"AIR DRYER ASSY",,,,,,,,,,,,,,,,,
"364","35454",,"337",,,,,,,,,"IMPACT PROTECTOR MUZZLE",,,,,,,,,,,,,,,,,
"365","23073",,"239",,,,,,,,,"SPRING VALVE INNER",,,,,,,,,,,,,,,,,
"366","36474",,"9",,,,,,,,,"PRESSURE ROLLER (TOSHIBA)",,,,,,,,,,,,,,,,,
"367","38052",,"80",,,,,,,,,"ASSY LUB OIL PUMP",,,,,,,,,,,,,,,,,
"368","28080",,"403",,,,,,,,,"SLIP RING ASSY",,,,,,,,,,,,,,,,,
"369","33792",,"435",,,,,,,,,"HEX NUT M5  IS:1364(PART-III) 8-1983",,,,,,,,,,,,,,,,,
"370","35349",,"321",,,,,,,,,"GASKET",,,,,,,,,,,,,,,,,
"371","37758",,"289",,,,,,,,,"BEARING BLOCK (ANTI ROLL BAR)",,,,,,,,,,,,,,,,,
"372","35314",,"396",,,,,,,,,"EYE PIECE ASSY  OPTICAL INSTRUMENT",,,,,,,,,,,,,,,,,
"373","38048",,"403",,,,,,,,,"WHEEL BEARING",,,,,,,,,,,,,,,,,
"374","37602",,"371",,,,,,,,,"FRT SHOCK ABSORBER (GAS TYPE)",,,,,,,,,,,,,,,,,
"375","10332322",,"222",,,,,,,,,"ASSY OIL FILTER",,,,,,,,,,,,,,,,,
"376","20000268",,"45",,,,,,,,,"FUEL FILTER SECONDARY",,,,,,,,,,,,,,,,,
"377","14611",,"3",,,,,,,,,"IGNITION SWITCH C/W RUBBER RIN",,,,,,,,,,,,,,,,,
"378","33432",,"108",,,,,,,,,"FILTER FUEL",,,,,,,,,,,,,,,,,
"379","21848",,"34",,,,,,,,,"TERMINAL",,,,,,,,,,,,,,,,,
"380","35295",,"282",,,,,,,,,"FILTER FUEL (3903640)",,,,,,,,,,,,,,,,,
"381","32880",,"265",,,,,,,,,"STEEL BAR CARBON HOT ROLLED ROUND 16MM",,,,,,,,,,,,,,,,,
"382","34290",,"217",,,,,,,,,"TRAFFICATOR ASSY LH FRONT",,,,,,,,,,,,,,,,,
"383","37244",,"92",,,,,,,,,"SWITCH ROTARY 2 WAFERS 6 POLE 3 POSITION",,,,,,,,,,,,,,,,,
"384","37581",,"498",,,,,,,,,"BEARING (30205)",,,,,,,,,,,,,,,,,
"385","23816",,"224",,,,,,,,,"BEARING ROLLER  NEEDLE (F-0248710)",,,,,,,,,,,,,,,,,
"386","20000137",,"484",,,,,,,,,"GLASS REAR",,,,,,,,,,,,,,,,,
"387","35604",,"468",,,,,,,,,"ELECTRONIC FLASHER KIT",,,,,,,,,,,,,,,,,
"388","35148",,"228",,,,,,,,,"NUT",,,,,,,,,,,,,,,,,
"389","24889",,"73",,,,,,,,,"UNLOADER VALVE ASSY",,,,,,,,,,,,,,,,,
"390","34457",,"444",,,,,,,,,"REGULATOR VEHICLE WINDOW",,,,,,,,,,,,,,,,,
"391","35592",,"79",,,,,,,,,"CONSTANT-MESH SHIFTER FORK",,,,,,,,,,,,,,,,,
"392","20000236",,"334",,,,,,,,,"AIR FILTER",,,,,,,,,,,,,,,,,
"393","10450506",,"187",,,,,,,,,"ASSY PIPE(SIG PUMP TO POWER STG TANK)",,,,,,,,,,,,,,,,,
"394","36592",,"270",,,,,,,,,"CABIN LIFTING UNION",,,,,,,,,,,,,,,,,
"395","37366",,"493",,,,,,,,,"PIN STRAIGHT HEADLESS FIXING BRACKET",,,,,,,,,,,,,,,,,
"396","35833",,"54",,,,,,,,,"LEVER ASSY RH",,,,,,,,,,,,,,,,,
"397","34691",,"235",,,,,,,,,"SPACER RING (130 050 762 514)",,,,,,,,,,,,,,,,,
"398","35492",,"200",,,,,,,,,"RELAY MAIN & FUEL",,,,,,,,,,,,,,,,,
"399","35060",,"227",,,,,,,,,"SWITCH ROTARY 2 WAFER 8 POLE 2 POSITION",,,,,,,,,,,,,,,,,
"400","35583",,"187",,,,,,,,,"MINUS PLATE",,,,,,,,,,,,,,,,,
"401","28922",,"464",,,,,,,,,"TRIM DOOR RH",,,,,,,,,,,,,,,,,
"402","37230",,"142",,,,,,,,,"BUSH C.E. ARMATURE",,,,,,,,,,,,,,,,,
"403","20000211",,"344",,,,,,,,,"WEIGHT 25 GM",,,,,,,,,,,,,,,,,
"404","38007",,"245",,,,,,,,,"MAIN WRING HARNESS",,,,,,,,,,,,,,,,,
"405","33550",,"242",,,,,,,,,"ELEMEN T",,,,,,,,,,,,,,,,,
"406","35996",,"180",,,,,,,,,"SYNCHRO RING 3RD/4TH",,,,,,,,,,,,,,,,,
"407","25290",,"339",,,,,,,,,"OIL SEAL FRONT",,,,,,,,,,,,,,,,,
"408","24674",,"332",,,,,,,,,"Clutch Release brg",,,,,,,,,,,,,,,,,
"409","36260",,"182",,,,,,,,,"LAMP ASSY REAR LH",,,,,,,,,,,,,,,,,
"410","35031",,"38",,,,,,,,,"LUB OIL FILTER ELEMENT",,,,,,,,,,,,,,,,,
"411","37399",,"228",,,,,,,,,"SPRING HELICAL TORSION FOR HAMMER",,,,,,,,,,,,,,,,,
"412","24756",,"455",,,,,,,,,"GEAR REAR",,,,,,,,,,,,,,,,,
"413","20000232",,"184",,,,,,,,,"DIGITAL DISPLAY",,,,,,,,,,,,,,,,,
"414","36164",,"419",,,,,,,,,"S/A OF REAR SPRING",,,,,,,,,,,,,,,,,
"415","36321",,"214",,,,,,,,,"PISTON RING SET-EA10 (102.12)",,,,,,,,,,,,,,,,,
"416","10444618",,"445",,,,,,,,,"LEVER GEAR SHIFTING CONTROL",,,,,,,,,,,,,,,,,
"417","35234",,"133",,,,,,,,,"FUEL FILTER CUM WATER SEPARATOR",,,,,,,,,,,,,,,,,
"418","35181",,"111",,,,,,,,,"MAIN PRINTED CARD ASSY (PCBI)",,,,,,,,,,,,,,,,,
"419","18900",,"403",,,,,,,,,"CHALK FRENCHTECHNICAL",,,,,,,,,,,,,,,,,
"420","36671",,"454",,,,,,,,,"HOSE 1  ID 80 LONG",,,,,,,,,,,,,,,,,
"421","37993",,"249",,,,,,,,,"CYL HEAD GASKET",,,,,,,,,,,,,,,,,
"422","25164",,"71",,,,,,,,,"CABLE ASSY RADIO FREQUENCY FLAT 200MM WI",,,,,,,,,,,,,,,,,
"423","21488",,"462",,,,,,,,,"BELT VEE ENDLESS INDUSTRIL",,,,,,,,,,,,,,,,,
"424","35027",,"256",,,,,,,,,"JOINT SUMP",,,,,,,,,,,,,,,,,
"425","10344313",,"76",,,,,,,,,"CYL STD KIT -A) PIN PISTON-1",,,,,,,,,,,,,,,,,
"426","34418",,"158",,,,,,,,,"CIRCUIT BOARD",,,,,,,,,,,,,,,,,
"427","37750",,"133",,,,,,,,,"ASSY VACCUM HOSE FOR TC",,,,,,,,,,,,,,,,,
"428","35818",,"362",,,,,,,,,"VALVE INLET",,,,,,,,,,,,,,,,,
"429","21197",,"107",,,,,,,,,"SPARK PLUG (CHAMPION RC 8 YC)",,,,,,,,,,,,,,,,,
"430","35366",,"453",,,,,,,,,"DV ASSY",,,,,,,,,,,,,,,,,
"431","34050",,"258",,,,,,,,,"OIL SEAL (FRONT AXIL)",,,,,,,,,,,,,,,,,
"432","36663",,"332",,,,,,,,,"BUSHING RUBBER/PIVOT BUSH",,,,,,,,,,,,,,,,,
"433","37729",,"214",,,,,,,,,"GASKET CYLINDER HEAD-MLS",,,,,,,,,,,,,,,,,
"434","28000",,"122",,,,,,,,,"PA & REG-A2FH 25W",,,,,,,,,,,,,,,,,
"435","24904",,"463",,,,,,,,,"REPAIR KIT (MSP 3/40)",,,,,,,,,,,,,,,,,
"436","37396",,"119",,,,,,,,,"SPRING CATCH LEG BIPOD",,,,,,,,,,,,,,,,,
"437","34596",,"324",,,,,,,,,"BRAKE CIRCUIT SIGNAL LAMP",,,,,,,,,,,,,,,,,
"438","10324016",,"11",,,,,,,,,"CLUTCH RELEASE BRG",,,,,,,,,,,,,,,,,
"439","22267",,"369",,,,,,,,,"BULB 12 V 21/5W",,,,,,,,,,,,,,,,,
"440","34464",,"97",,,,,,,,,"SENSOR ASSY MAF",,,,,,,,,,,,,,,,,
"441","37723",,"369",,,,,,,,,"SAW BLADE HAND",,,,,,,,,,,,,,,,,
"442","10606082",,"440",,,,,,,,,"BEARING BUSHING",,,,,,,,,,,,,,,,,
"443","35378",,"386",,,,,,,,,"BY PASS FILTER",,,,,,,,,,,,,,,,,
"444","37399",,"244",,,,,,,,,"SPRING HELICAL TORSION FOR HAMMER",,,,,,,,,,,,,,,,,
"445","33990",,"150",,,,,,,,,"GROOVED NUT",,,,,,,,,,,,,,,,,
"446","36173",,"3",,,,,,,,,"KNOB TRANSMISSION SELECTOR LEVER",,,,,,,,,,,,,,,,,
"447","20000378",,"429",,,,,,,,,"SIREN 24V",,,,,,,,,,,,,,,,,
"448","34214",,"178",,,,,,,,,"CIRCLIP 34X1.5N IS:3075(PART-II)1986",,,,,,,,,,,,,,,,,
"449","35206",,"258",,,,,,,,,"GASKET",,,,,,,,,,,,,,,,,
"450","34174",,"441",,,,,,,,,"WASHER SPRING TENSION(107-214-113-080)",,,,,,,,,,,,,,,,,
"451","35743",,"24",,,,,,,,,"REDUCTION SATELLITE",,,,,,,,,,,,,,,,,
"452","25915",,"154",,,,,,,,,"DUBBIN PROTECTIVE",,,,,,,,,,,,,,,,,
"453","35120",,"450",,,,,,,,,"PIN STRIGHT HEADLESS GAS BLOCK",,,,,,,,,,,,,,,,,
"454","37560",,"403",,,,,,,,,"TAIL LIGHT ASSY LEFT",,,,,,,,,,,,,,,,,
"455","36786",,"191",,,,,,,,,"LOGIC CARD BROTHER PRINTER ",,,,,,,,,,,,,,,,,
"456","34734",,"229",,,,,,,,,"PRISMATIC SPRING",,,,,,,,,,,,,,,,,
"457","32884",,"432",,,,,,,,,"STEEL BAR CARBON HOT ROLLED ROUND 8MM",,,,,,,,,,,,,,,,,
"458","37633",,"121",,,,,,,,,"DRIVE SHAFT WITH RAITO 1:8:98",,,,,,,,,,,,,,,,,
"459","10338197",,"440",,,,,,,,,"COMBINATION SWITCH",,,,,,,,,,,,,,,,,
"460","34494",,"411",,,,,,,,,"CABLE ASSY MEM (SYSTEM UNIT)",,,,,,,,,,,,,,,,,
"461","33509",,"155",,,,,,,,,"BEARING BUSH INTER BKT",,,,,,,,,,,,,,,,,
"462","10410875",,"308",,,,,,,,,"ELECTRODE WELDING CAST IRON 2.50MM",,,,,,,,,,,,,,,,,
"463","35899",,"224",,,,,,,,,"GASKET FOR FIP",,,,,,,,,,,,,,,,,
"464","34824",,"240",,,,,,,,,"SCREW DIAPHRAGM NO -8 BA X 1.52",,,,,,,,,,,,,,,,,
"465","33484",,"334",,,,,,,,,"CATRIDGE LUB OIL FILTER",,,,,,,,,,,,,,,,,
"466","35511",,"183",,,,,,,,,"WHEEL CYL ASSY FRONT",,,,,,,,,,,,,,,,,
"467","35672",,"443",,,,,,,,,"REAR VIEW MIRROR",,,,,,,,,,,,,,,,,
"468","36055",,"294",,,,,,,,,"BOLT HEX M14X2CPX65 LONG",,,,,,,,,,,,,,,,,
"469","10323205",,"322",,,,,,,,,"SHAFT SEAL",,,,,,,,,,,,,,,,,
"470","23374",,"281",,,,,,,,,"O RING 14 MM",,,,,,,,,,,,,,,,,
"471","10343922",,"364",,,,,,,,,"WASHER FLOAT CAP CARBURATOR",,,,,,,,,,,,,,,,,
"472","37598",,"185",,,,,,,,,"REAR SHOCK ABSORBER (GAS TYPE)",,,,,,,,,,,,,,,,,
"473","35193",,"54",,,,,,,,,"STATER ASSY",,,,,,,,,,,,,,,,,
"474","36100",,"425",,,,,,,,,"CLIP CHAMBER HOSE",,,,,,,,,,,,,,,,,
"475","33703",,"106",,,,,,,,,"KEYBOARD DATA ENTRY SEALED",,,,,,,,,,,,,,,,,
"476","20000226",,"483",,,,,,,,,"COMBINATION SWITCH",,,,,,,,,,,,,,,,,
"477","20000022",,"168",,,,,,,,,"JAR WITH LID",,,,,,,,,,,,,,,,,
"478","37114",,"281",,,,,,,,,"CABIN PUMP KIT",,,,,,,,,,,,,,,,,
"479","35680",,"282",,,,,,,,,"COPPER WASHER ",,,,,,,,,,,,,,,,,
"480","35410",,"145",,,,,,,,,"ASSY PIPE",,,,,,,,,,,,,,,,,
"481","33657",,"301",,,,,,,,,"HOSE",,,,,,,,,,,,,,,,,
"482","20675",,"379",,,,,,,,,"FIELD COIL",,,,,,,,,,,,,,,,,
"483","34549",,"338",,,,,,,,,"(DELETED) HOSE AIR INTAKE",,,,,,,,,,,,,,,,,
"484","27759",,"5",,,,,,,,,"PIN STRAIGHT HEADLESS COLLAR BARREL",,,,,,,,,,,,,,,,,
"485","36489",,"346",,,,,,,,,"MODULATOR RADIO TRANSMITTER UNIT (LM 5)",,,,,,,,,,,,,,,,,
"486","36764",,"121",,,,,,,,,"RING  RETAINING",,,,,,,,,,,,,,,,,
"487","14604",,"474",,,,,,,,,"PETROL TANK CAP ASSY LOCKABLE",,,,,,,,,,,,,,,,,
"488","34186",,"469",,,,,,,,,"WASHER SPLIT (107 214 015 080)",,,,,,,,,,,,,,,,,
"489","34237",,"498",,,,,,,,,"TRAFFICATOR ASSY RH REAR",,,,,,,,,,,,,,,,,
"490","20000378",,"422",,,,,,,,,"SIREN 24V",,,,,,,,,,,,,,,,,
"491","10450890",,"126",,,,,,,,,"SLECTOR AND SHIFTER SHAFT",,,,,,,,,,,,,,,,,
"492","35020",,"429",,,,,,,,,"PROCEESOR A 1B",,,,,,,,,,,,,,,,,
"493","35666",,"265",,,,,,,,,"PHOSPHOR BRONZE ROD ROUND (CAST BARS  60",,,,,,,,,,,,,,,,,
"494","21225",,"47",,,,,,,,,"CABLE ASSY SPEEDOMETER",,,,,,,,,,,,,,,,,
"495","21224",,"226",,,,,,,,,"CALIPER ASSY DISC BRAKE",,,,,,,,,,,,,,,,,
"496","10406929",,"446",,,,,,,,,"CATCH MAGAZINE (INVESTMENT)",,,,,,,,,,,,,,,,,
"497","33943",,"93",,,,,,,,,"FILTER LOW PASS B2",,,,,,,,,,,,,,,,,
"498","20000227",,"232",,,,,,,,,"FAN BELT -54",,,,,,,,,,,,,,,,,
"499","35397",,"431",,,,,,,,,"FLANGE",,,,,,,,,,,,,,,,,
"500","35006",,"249",,,,,,,,,"MICRO CIRCUIT MEMORY (FILL GUN MK-IV)",,,,,,,,,,,,,,,,,